Country Name,Country Code,Series Name,Series Code,2023 [YR2023]
Afghanistan,AFG,"Population ages 80 and above, female",SP.POP.80UP.FE,67339
Afghanistan,AFG,"Population ages 80 and above, male",SP.POP.80UP.MA,43502
Afghanistan,AFG,"Population, total",SP.POP.TOTL,42239854
Afghanistan,AFG,"Population, male",SP.POP.TOTL.MA.IN,21319695
Afghanistan,AFG,"Population, female",SP.POP.TOTL.FE.IN,20920159
Africa Eastern and Southern,AFE,"Population ages 80 and above, female",SP.POP.80UP.FE,1968846
Africa Eastern and Southern,AFE,"Population ages 80 and above, male",SP.POP.80UP.MA,1102378
Africa Eastern and Southern,AFE,"Population, total",SP.POP.TOTL,739112053
Africa Eastern and Southern,AFE,"Population, male",SP.POP.TOTL.MA.IN,366124984
Africa Eastern and Southern,AFE,"Population, female",SP.POP.TOTL.FE.IN,372987069
Africa Western and Central,AFW,"Population ages 80 and above, female",SP.POP.80UP.FE,934638
Africa Western and Central,AFW,"Population ages 80 and above, male",SP.POP.80UP.MA,705335
Africa Western and Central,AFW,"Population, total",SP.POP.TOTL,502789511
Africa Western and Central,AFW,"Population, male",SP.POP.TOTL.MA.IN,252803314
Africa Western and Central,AFW,"Population, female",SP.POP.TOTL.FE.IN,249986197
Albania,ALB,"Population ages 80 and above, female",SP.POP.80UP.FE,55051
Albania,ALB,"Population ages 80 and above, male",SP.POP.80UP.MA,46084
Albania,ALB,"Population, total",SP.POP.TOTL,2768265
Albania,ALB,"Population, male",SP.POP.TOTL.MA.IN,1378918
Albania,ALB,"Population, female",SP.POP.TOTL.FE.IN,1389347
Algeria,DZA,"Population ages 80 and above, female",SP.POP.80UP.FE,268893
Algeria,DZA,"Population ages 80 and above, male",SP.POP.80UP.MA,213911
Algeria,DZA,"Population, total",SP.POP.TOTL,45606480
Algeria,DZA,"Population, male",SP.POP.TOTL.MA.IN,23217161
Algeria,DZA,"Population, female",SP.POP.TOTL.FE.IN,22389320
American Samoa,ASM,"Population ages 80 and above, female",SP.POP.80UP.FE,212
American Samoa,ASM,"Population ages 80 and above, male",SP.POP.80UP.MA,118
American Samoa,ASM,"Population, total",SP.POP.TOTL,43914
American Samoa,ASM,"Population, male",SP.POP.TOTL.MA.IN,21685
American Samoa,ASM,"Population, female",SP.POP.TOTL.FE.IN,22230
Andorra,AND,"Population ages 80 and above, female",SP.POP.80UP.FE,1776
Andorra,AND,"Population ages 80 and above, male",SP.POP.80UP.MA,1178
Andorra,AND,"Population, total",SP.POP.TOTL,80088
Andorra,AND,"Population, male",SP.POP.TOTL.MA.IN,40903
Andorra,AND,"Population, female",SP.POP.TOTL.FE.IN,39185
Angola,AGO,"Population ages 80 and above, female",SP.POP.80UP.FE,73373
Angola,AGO,"Population ages 80 and above, male",SP.POP.80UP.MA,42668
Angola,AGO,"Population, total",SP.POP.TOTL,36684202
Angola,AGO,"Population, male",SP.POP.TOTL.MA.IN,18135546
Angola,AGO,"Population, female",SP.POP.TOTL.FE.IN,18548657
Antigua and Barbuda,ATG,"Population ages 80 and above, female",SP.POP.80UP.FE,1251
Antigua and Barbuda,ATG,"Population ages 80 and above, male",SP.POP.80UP.MA,670
Antigua and Barbuda,ATG,"Population, total",SP.POP.TOTL,94298
Antigua and Barbuda,ATG,"Population, male",SP.POP.TOTL.MA.IN,45051
Antigua and Barbuda,ATG,"Population, female",SP.POP.TOTL.FE.IN,49246
Arab World,ARB,"Population ages 80 and above, female",SP.POP.80UP.FE,1770315
Arab World,ARB,"Population ages 80 and above, male",SP.POP.80UP.MA,1127337
Arab World,ARB,"Population, total",SP.POP.TOTL,473265558
Arab World,ARB,"Population, male",SP.POP.TOTL.MA.IN,244394554
Arab World,ARB,"Population, female",SP.POP.TOTL.FE.IN,228871007
Argentina,ARG,"Population ages 80 and above, female",SP.POP.80UP.FE,931010
Argentina,ARG,"Population ages 80 and above, male",SP.POP.80UP.MA,419963
Argentina,ARG,"Population, total",SP.POP.TOTL,46519252
Argentina,ARG,"Population, male",SP.POP.TOTL.MA.IN,23032189
Argentina,ARG,"Population, female",SP.POP.TOTL.FE.IN,23487063
Armenia,ARM,"Population ages 80 and above, female",SP.POP.80UP.FE,61817
Armenia,ARM,"Population ages 80 and above, male",SP.POP.80UP.MA,16438
Armenia,ARM,"Population, total",SP.POP.TOTL,2777970
Armenia,ARM,"Population, male",SP.POP.TOTL.MA.IN,1249091
Armenia,ARM,"Population, female",SP.POP.TOTL.FE.IN,1528880
Aruba,ABW,"Population ages 80 and above, female",SP.POP.80UP.FE,1736
Aruba,ABW,"Population ages 80 and above, male",SP.POP.80UP.MA,854
Aruba,ABW,"Population, total",SP.POP.TOTL,106277
Aruba,ABW,"Population, male",SP.POP.TOTL.MA.IN,50052
Aruba,ABW,"Population, female",SP.POP.TOTL.FE.IN,56225
Australia,AUS,"Population ages 80 and above, female",SP.POP.80UP.FE,658415
Australia,AUS,"Population ages 80 and above, male",SP.POP.80UP.MA,500474
Australia,AUS,"Population, total",SP.POP.TOTL,26256970
Australia,AUS,"Population, male",SP.POP.TOTL.MA.IN,13039463
Australia,AUS,"Population, female",SP.POP.TOTL.FE.IN,13217507
Austria,AUT,"Population ages 80 and above, female",SP.POP.80UP.FE,338874
Austria,AUT,"Population ages 80 and above, male",SP.POP.80UP.MA,213630
Austria,AUT,"Population, total",SP.POP.TOTL,9055536
Austria,AUT,"Population, male",SP.POP.TOTL.MA.IN,4460198
Austria,AUT,"Population, female",SP.POP.TOTL.FE.IN,4595339
Azerbaijan,AZE,"Population ages 80 and above, female",SP.POP.80UP.FE,73372
Azerbaijan,AZE,"Population ages 80 and above, male",SP.POP.80UP.MA,34843
Azerbaijan,AZE,"Population, total",SP.POP.TOTL,10195755
Azerbaijan,AZE,"Population, male",SP.POP.TOTL.MA.IN,5032239
Azerbaijan,AZE,"Population, female",SP.POP.TOTL.FE.IN,5163517
"Bahamas, The",BHS,"Population ages 80 and above, female",SP.POP.80UP.FE,4608
"Bahamas, The",BHS,"Population ages 80 and above, male",SP.POP.80UP.MA,2601
"Bahamas, The",BHS,"Population, total",SP.POP.TOTL,412623
"Bahamas, The",BHS,"Population, male",SP.POP.TOTL.MA.IN,196863
"Bahamas, The",BHS,"Population, female",SP.POP.TOTL.FE.IN,215761
Bahrain,BHR,"Population ages 80 and above, female",SP.POP.80UP.FE,4054
Bahrain,BHR,"Population ages 80 and above, male",SP.POP.80UP.MA,3344
Bahrain,BHR,"Population, total",SP.POP.TOTL,1485509
Bahrain,BHR,"Population, male",SP.POP.TOTL.MA.IN,918619
Bahrain,BHR,"Population, female",SP.POP.TOTL.FE.IN,566890
Bangladesh,BGD,"Population ages 80 and above, female",SP.POP.80UP.FE,896189
Bangladesh,BGD,"Population ages 80 and above, male",SP.POP.80UP.MA,700954
Bangladesh,BGD,"Population, total",SP.POP.TOTL,172954319
Bangladesh,BGD,"Population, male",SP.POP.TOTL.MA.IN,85672234
Bangladesh,BGD,"Population, female",SP.POP.TOTL.FE.IN,87282086
Barbados,BRB,"Population ages 80 and above, female",SP.POP.80UP.FE,5368
Barbados,BRB,"Population ages 80 and above, male",SP.POP.80UP.MA,3336
Barbados,BRB,"Population, total",SP.POP.TOTL,281995
Barbados,BRB,"Population, male",SP.POP.TOTL.MA.IN,135285
Barbados,BRB,"Population, female",SP.POP.TOTL.FE.IN,146710
Belarus,BLR,"Population ages 80 and above, female",SP.POP.80UP.FE,263852
Belarus,BLR,"Population ages 80 and above, male",SP.POP.80UP.MA,74635
Belarus,BLR,"Population, total",SP.POP.TOTL,9187054
Belarus,BLR,"Population, male",SP.POP.TOTL.MA.IN,4227127
Belarus,BLR,"Population, female",SP.POP.TOTL.FE.IN,4959927
Belgium,BEL,"Population ages 80 and above, female",SP.POP.80UP.FE,405348
Belgium,BEL,"Population ages 80 and above, male",SP.POP.80UP.MA,248499
Belgium,BEL,"Population, total",SP.POP.TOTL,11714453
Belgium,BEL,"Population, male",SP.POP.TOTL.MA.IN,5791083
Belgium,BEL,"Population, female",SP.POP.TOTL.FE.IN,5923370
Belize,BLZ,"Population ages 80 and above, female",SP.POP.80UP.FE,1968
Belize,BLZ,"Population ages 80 and above, male",SP.POP.80UP.MA,1668
Belize,BLZ,"Population, total",SP.POP.TOTL,410825
Belize,BLZ,"Population, male",SP.POP.TOTL.MA.IN,206461
Belize,BLZ,"Population, female",SP.POP.TOTL.FE.IN,204364
Benin,BEN,"Population ages 80 and above, female",SP.POP.80UP.FE,32844
Benin,BEN,"Population ages 80 and above, male",SP.POP.80UP.MA,21109
Benin,BEN,"Population, total",SP.POP.TOTL,13712828
Benin,BEN,"Population, male",SP.POP.TOTL.MA.IN,6870720
Benin,BEN,"Population, female",SP.POP.TOTL.FE.IN,6842109
Bermuda,BMU,"Population ages 80 and above, female",SP.POP.80UP.FE,..
Bermuda,BMU,"Population ages 80 and above, male",SP.POP.80UP.MA,..
Bermuda,BMU,"Population, total",SP.POP.TOTL,..
Bermuda,BMU,"Population, male",SP.POP.TOTL.MA.IN,..
Bermuda,BMU,"Population, female",SP.POP.TOTL.FE.IN,..
Bhutan,BTN,"Population ages 80 and above, female",SP.POP.80UP.FE,4450
Bhutan,BTN,"Population ages 80 and above, male",SP.POP.80UP.MA,3847
Bhutan,BTN,"Population, total",SP.POP.TOTL,787424
Bhutan,BTN,"Population, male",SP.POP.TOTL.MA.IN,416196
Bhutan,BTN,"Population, female",SP.POP.TOTL.FE.IN,371228
Bolivia,BOL,"Population ages 80 and above, female",SP.POP.80UP.FE,49074
Bolivia,BOL,"Population ages 80 and above, male",SP.POP.80UP.MA,27910
Bolivia,BOL,"Population, total",SP.POP.TOTL,12388571
Bolivia,BOL,"Population, male",SP.POP.TOTL.MA.IN,6206083
Bolivia,BOL,"Population, female",SP.POP.TOTL.FE.IN,6182488
Bosnia and Herzegovina,BIH,"Population ages 80 and above, female",SP.POP.80UP.FE,74322
Bosnia and Herzegovina,BIH,"Population ages 80 and above, male",SP.POP.80UP.MA,46805
Bosnia and Herzegovina,BIH,"Population, total",SP.POP.TOTL,3210847
Bosnia and Herzegovina,BIH,"Population, male",SP.POP.TOTL.MA.IN,1580360
Bosnia and Herzegovina,BIH,"Population, female",SP.POP.TOTL.FE.IN,1630487
Botswana,BWA,"Population ages 80 and above, female",SP.POP.80UP.FE,8736
Botswana,BWA,"Population ages 80 and above, male",SP.POP.80UP.MA,4859
Botswana,BWA,"Population, total",SP.POP.TOTL,2675352
Botswana,BWA,"Population, male",SP.POP.TOTL.MA.IN,1321662
Botswana,BWA,"Population, female",SP.POP.TOTL.FE.IN,1353690
Brazil,BRA,"Population ages 80 and above, female",SP.POP.80UP.FE,2363043
Brazil,BRA,"Population ages 80 and above, male",SP.POP.80UP.MA,1375607
Brazil,BRA,"Population, total",SP.POP.TOTL,216422446
Brazil,BRA,"Population, male",SP.POP.TOTL.MA.IN,106241115
Brazil,BRA,"Population, female",SP.POP.TOTL.FE.IN,110181331
British Virgin Islands,VGB,"Population ages 80 and above, female",SP.POP.80UP.FE,234
British Virgin Islands,VGB,"Population ages 80 and above, male",SP.POP.80UP.MA,155
British Virgin Islands,VGB,"Population, total",SP.POP.TOTL,31538
British Virgin Islands,VGB,"Population, male",SP.POP.TOTL.MA.IN,15197
British Virgin Islands,VGB,"Population, female",SP.POP.TOTL.FE.IN,16340
Brunei Darussalam,BRN,"Population ages 80 and above, female",SP.POP.80UP.FE,2134
Brunei Darussalam,BRN,"Population ages 80 and above, male",SP.POP.80UP.MA,1404
Brunei Darussalam,BRN,"Population, total",SP.POP.TOTL,452524
Brunei Darussalam,BRN,"Population, male",SP.POP.TOTL.MA.IN,233894
Brunei Darussalam,BRN,"Population, female",SP.POP.TOTL.FE.IN,218629
Bulgaria,BGR,"Population ages 80 and above, female",SP.POP.80UP.FE,213506
Bulgaria,BGR,"Population ages 80 and above, male",SP.POP.80UP.MA,111213
Bulgaria,BGR,"Population, total",SP.POP.TOTL,6386070
Bulgaria,BGR,"Population, male",SP.POP.TOTL.MA.IN,3096925
Bulgaria,BGR,"Population, female",SP.POP.TOTL.FE.IN,3289145
Burkina Faso,BFA,"Population ages 80 and above, female",SP.POP.80UP.FE,36245
Burkina Faso,BFA,"Population ages 80 and above, male",SP.POP.80UP.MA,19897
Burkina Faso,BFA,"Population, total",SP.POP.TOTL,23251485
Burkina Faso,BFA,"Population, male",SP.POP.TOTL.MA.IN,11588745
Burkina Faso,BFA,"Population, female",SP.POP.TOTL.FE.IN,11662740
Burundi,BDI,"Population ages 80 and above, female",SP.POP.80UP.FE,23044
Burundi,BDI,"Population ages 80 and above, male",SP.POP.80UP.MA,13532
Burundi,BDI,"Population, total",SP.POP.TOTL,13238559
Burundi,BDI,"Population, male",SP.POP.TOTL.MA.IN,6575319
Burundi,BDI,"Population, female",SP.POP.TOTL.FE.IN,6663239
Cabo Verde,CPV,"Population ages 80 and above, female",SP.POP.80UP.FE,6015
Cabo Verde,CPV,"Population ages 80 and above, male",SP.POP.80UP.MA,2079
Cabo Verde,CPV,"Population, total",SP.POP.TOTL,598682
Cabo Verde,CPV,"Population, male",SP.POP.TOTL.MA.IN,297646
Cabo Verde,CPV,"Population, female",SP.POP.TOTL.FE.IN,301036
Cambodia,KHM,"Population ages 80 and above, female",SP.POP.80UP.FE,80941
Cambodia,KHM,"Population ages 80 and above, male",SP.POP.80UP.MA,41935
Cambodia,KHM,"Population, total",SP.POP.TOTL,16944826
Cambodia,KHM,"Population, male",SP.POP.TOTL.MA.IN,8384561
Cambodia,KHM,"Population, female",SP.POP.TOTL.FE.IN,8560264
Cameroon,CMR,"Population ages 80 and above, female",SP.POP.80UP.FE,60619
Cameroon,CMR,"Population ages 80 and above, male",SP.POP.80UP.MA,44836
Cameroon,CMR,"Population, total",SP.POP.TOTL,28647293
Cameroon,CMR,"Population, male",SP.POP.TOTL.MA.IN,14289697
Cameroon,CMR,"Population, female",SP.POP.TOTL.FE.IN,14357596
Canada,CAN,"Population ages 80 and above, female",SP.POP.80UP.FE,1093769
Canada,CAN,"Population ages 80 and above, male",SP.POP.80UP.MA,769958
Canada,CAN,"Population, total",SP.POP.TOTL,39244168
Canada,CAN,"Population, male",SP.POP.TOTL.MA.IN,19504921
Canada,CAN,"Population, female",SP.POP.TOTL.FE.IN,19739248
Caribbean small states,CSS,"Population ages 80 and above, female",SP.POP.80UP.FE,67990
Caribbean small states,CSS,"Population ages 80 and above, male",SP.POP.80UP.MA,42032
Caribbean small states,CSS,"Population, total",SP.POP.TOTL,7528219
Caribbean small states,CSS,"Population, male",SP.POP.TOTL.MA.IN,3713929
Caribbean small states,CSS,"Population, female",SP.POP.TOTL.FE.IN,3814291
Cayman Islands,CYM,"Population ages 80 and above, female",SP.POP.80UP.FE,513
Cayman Islands,CYM,"Population ages 80 and above, male",SP.POP.80UP.MA,352
Cayman Islands,CYM,"Population, total",SP.POP.TOTL,69310
Cayman Islands,CYM,"Population, male",SP.POP.TOTL.MA.IN,34943
Cayman Islands,CYM,"Population, female",SP.POP.TOTL.FE.IN,34367
Central African Republic,CAF,"Population ages 80 and above, female",SP.POP.80UP.FE,7282
Central African Republic,CAF,"Population ages 80 and above, male",SP.POP.80UP.MA,5631
Central African Republic,CAF,"Population, total",SP.POP.TOTL,5742315
Central African Republic,CAF,"Population, male",SP.POP.TOTL.MA.IN,2869330
Central African Republic,CAF,"Population, female",SP.POP.TOTL.FE.IN,2872985
Central Europe and the Baltics,CEB,"Population ages 80 and above, female",SP.POP.80UP.FE,2972607
Central Europe and the Baltics,CEB,"Population ages 80 and above, male",SP.POP.80UP.MA,1380638
Central Europe and the Baltics,CEB,"Population, total",SP.POP.TOTL,98398413
Central Europe and the Baltics,CEB,"Population, male",SP.POP.TOTL.MA.IN,47708101
Central Europe and the Baltics,CEB,"Population, female",SP.POP.TOTL.FE.IN,50690310
Chad,TCD,"Population ages 80 and above, female",SP.POP.80UP.FE,21597
Chad,TCD,"Population ages 80 and above, male",SP.POP.80UP.MA,14892
Chad,TCD,"Population, total",SP.POP.TOTL,18278568
Chad,TCD,"Population, male",SP.POP.TOTL.MA.IN,9174497
Chad,TCD,"Population, female",SP.POP.TOTL.FE.IN,9104070
Channel Islands,CHI,"Population ages 80 and above, female",SP.POP.80UP.FE,4482
Channel Islands,CHI,"Population ages 80 and above, male",SP.POP.80UP.MA,2949
Channel Islands,CHI,"Population, total",SP.POP.TOTL,175346
Channel Islands,CHI,"Population, male",SP.POP.TOTL.MA.IN,86797
Channel Islands,CHI,"Population, female",SP.POP.TOTL.FE.IN,88549
Chile,CHL,"Population ages 80 and above, female",SP.POP.80UP.FE,370815
Chile,CHL,"Population ages 80 and above, male",SP.POP.80UP.MA,234810
Chile,CHL,"Population, total",SP.POP.TOTL,19629590
Chile,CHL,"Population, male",SP.POP.TOTL.MA.IN,9741974
Chile,CHL,"Population, female",SP.POP.TOTL.FE.IN,9887616
China,CHN,"Population ages 80 and above, female",SP.POP.80UP.FE,21313186
China,CHN,"Population ages 80 and above, male",SP.POP.80UP.MA,13568731
China,CHN,"Population, total",SP.POP.TOTL,1411878144
China,CHN,"Population, male",SP.POP.TOTL.MA.IN,720137493
China,CHN,"Population, female",SP.POP.TOTL.FE.IN,691740650
Colombia,COL,"Population ages 80 and above, female",SP.POP.80UP.FE,496736
Colombia,COL,"Population ages 80 and above, male",SP.POP.80UP.MA,309044
Colombia,COL,"Population, total",SP.POP.TOTL,52085168
Colombia,COL,"Population, male",SP.POP.TOTL.MA.IN,25668667
Colombia,COL,"Population, female",SP.POP.TOTL.FE.IN,26416500
Comoros,COM,"Population ages 80 and above, female",SP.POP.80UP.FE,2938
Comoros,COM,"Population ages 80 and above, male",SP.POP.80UP.MA,2133
Comoros,COM,"Population, total",SP.POP.TOTL,852075
Comoros,COM,"Population, male",SP.POP.TOTL.MA.IN,428132
Comoros,COM,"Population, female",SP.POP.TOTL.FE.IN,423943
"Congo, Dem. Rep.",COD,"Population ages 80 and above, female",SP.POP.80UP.FE,216275
"Congo, Dem. Rep.",COD,"Population ages 80 and above, male",SP.POP.80UP.MA,142916
"Congo, Dem. Rep.",COD,"Population, total",SP.POP.TOTL,102262808
"Congo, Dem. Rep.",COD,"Population, male",SP.POP.TOTL.MA.IN,50732478
"Congo, Dem. Rep.",COD,"Population, female",SP.POP.TOTL.FE.IN,51530330
"Congo, Rep.",COG,"Population ages 80 and above, female",SP.POP.80UP.FE,11465
"Congo, Rep.",COG,"Population ages 80 and above, male",SP.POP.80UP.MA,7719
"Congo, Rep.",COG,"Population, total",SP.POP.TOTL,6106869
"Congo, Rep.",COG,"Population, male",SP.POP.TOTL.MA.IN,3049941
"Congo, Rep.",COG,"Population, female",SP.POP.TOTL.FE.IN,3056928
Costa Rica,CRI,"Population ages 80 and above, female",SP.POP.80UP.FE,66272
Costa Rica,CRI,"Population ages 80 and above, male",SP.POP.80UP.MA,46680
Costa Rica,CRI,"Population, total",SP.POP.TOTL,5212173
Costa Rica,CRI,"Population, male",SP.POP.TOTL.MA.IN,2605235
Costa Rica,CRI,"Population, female",SP.POP.TOTL.FE.IN,2606939
Cote d'Ivoire,CIV,"Population ages 80 and above, female",SP.POP.80UP.FE,51954
Cote d'Ivoire,CIV,"Population ages 80 and above, male",SP.POP.80UP.MA,43177
Cote d'Ivoire,CIV,"Population, total",SP.POP.TOTL,28873034
Cote d'Ivoire,CIV,"Population, male",SP.POP.TOTL.MA.IN,14569031
Cote d'Ivoire,CIV,"Population, female",SP.POP.TOTL.FE.IN,14304003
Croatia,HRV,"Population ages 80 and above, female",SP.POP.80UP.FE,150504
Croatia,HRV,"Population ages 80 and above, male",SP.POP.80UP.MA,75633
Croatia,HRV,"Population, total",SP.POP.TOTL,3834139
Croatia,HRV,"Population, male",SP.POP.TOTL.MA.IN,1868630
Croatia,HRV,"Population, female",SP.POP.TOTL.FE.IN,1965509
Cuba,CUB,"Population ages 80 and above, female",SP.POP.80UP.FE,257732
Cuba,CUB,"Population ages 80 and above, male",SP.POP.80UP.MA,181992
Cuba,CUB,"Population, total",SP.POP.TOTL,11194449
Cuba,CUB,"Population, male",SP.POP.TOTL.MA.IN,5551684
Cuba,CUB,"Population, female",SP.POP.TOTL.FE.IN,5642765
Curacao,CUW,"Population ages 80 and above, female",SP.POP.80UP.FE,2830
Curacao,CUW,"Population ages 80 and above, male",SP.POP.80UP.MA,1194
Curacao,CUW,"Population, total",SP.POP.TOTL,150768
Curacao,CUW,"Population, male",SP.POP.TOTL.MA.IN,72329
Curacao,CUW,"Population, female",SP.POP.TOTL.FE.IN,78439
Cyprus,CYP,"Population ages 80 and above, female",SP.POP.80UP.FE,26777
Cyprus,CYP,"Population ages 80 and above, male",SP.POP.80UP.MA,18588
Cyprus,CYP,"Population, total",SP.POP.TOTL,1260138
Cyprus,CYP,"Population, male",SP.POP.TOTL.MA.IN,631148
Cyprus,CYP,"Population, female",SP.POP.TOTL.FE.IN,628990
Czechia,CZE,"Population ages 80 and above, female",SP.POP.80UP.FE,314741
Czechia,CZE,"Population ages 80 and above, male",SP.POP.80UP.MA,162127
Czechia,CZE,"Population, total",SP.POP.TOTL,10680324
Czechia,CZE,"Population, male",SP.POP.TOTL.MA.IN,5266961
Czechia,CZE,"Population, female",SP.POP.TOTL.FE.IN,5413363
Denmark,DNK,"Population ages 80 and above, female",SP.POP.80UP.FE,185629
Denmark,DNK,"Population ages 80 and above, male",SP.POP.80UP.MA,129094
Denmark,DNK,"Population, total",SP.POP.TOTL,5928585
Denmark,DNK,"Population, male",SP.POP.TOTL.MA.IN,2949804
Denmark,DNK,"Population, female",SP.POP.TOTL.FE.IN,2978781
Djibouti,DJI,"Population ages 80 and above, female",SP.POP.80UP.FE,3851
Djibouti,DJI,"Population ages 80 and above, male",SP.POP.80UP.MA,2576
Djibouti,DJI,"Population, total",SP.POP.TOTL,1136455
Djibouti,DJI,"Population, male",SP.POP.TOTL.MA.IN,563824
Djibouti,DJI,"Population, female",SP.POP.TOTL.FE.IN,572630
Dominica,DMA,"Population ages 80 and above, female",SP.POP.80UP.FE,849
Dominica,DMA,"Population ages 80 and above, male",SP.POP.80UP.MA,463
Dominica,DMA,"Population, total",SP.POP.TOTL,73040
Dominica,DMA,"Population, male",SP.POP.TOTL.MA.IN,36282
Dominica,DMA,"Population, female",SP.POP.TOTL.FE.IN,36758
Dominican Republic,DOM,"Population ages 80 and above, female",SP.POP.80UP.FE,103136
Dominican Republic,DOM,"Population ages 80 and above, male",SP.POP.80UP.MA,70653
Dominican Republic,DOM,"Population, total",SP.POP.TOTL,11332972
Dominican Republic,DOM,"Population, male",SP.POP.TOTL.MA.IN,5683423
Dominican Republic,DOM,"Population, female",SP.POP.TOTL.FE.IN,5649550
Early-demographic dividend,EAR,"Population ages 80 and above, female",SP.POP.80UP.FE,20598887
Early-demographic dividend,EAR,"Population ages 80 and above, male",SP.POP.80UP.MA,13688514
Early-demographic dividend,EAR,"Population, total",SP.POP.TOTL,3485971283
Early-demographic dividend,EAR,"Population, male",SP.POP.TOTL.MA.IN,1768301436
Early-demographic dividend,EAR,"Population, female",SP.POP.TOTL.FE.IN,1717669847
East Asia & Pacific,EAS,"Population ages 80 and above, female",SP.POP.80UP.FE,39157977
East Asia & Pacific,EAS,"Population ages 80 and above, male",SP.POP.80UP.MA,23904060
East Asia & Pacific,EAS,"Population, total",SP.POP.TOTL,2380459880
East Asia & Pacific,EAS,"Population, male",SP.POP.TOTL.MA.IN,1202645230
East Asia & Pacific,EAS,"Population, female",SP.POP.TOTL.FE.IN,1177814649
East Asia & Pacific (excluding high income),EAP,"Population ages 80 and above, female",SP.POP.80UP.FE,27516028
East Asia & Pacific (excluding high income),EAP,"Population ages 80 and above, male",SP.POP.80UP.MA,16919905
East Asia & Pacific (excluding high income),EAP,"Population, total",SP.POP.TOTL,2134838443
East Asia & Pacific (excluding high income),EAP,"Population, male",SP.POP.TOTL.MA.IN,1082049491
East Asia & Pacific (excluding high income),EAP,"Population, female",SP.POP.TOTL.FE.IN,1052788950
East Asia & Pacific (IDA & IBRD countries),TEA,"Population ages 80 and above, female",SP.POP.80UP.FE,27044364
East Asia & Pacific (IDA & IBRD countries),TEA,"Population ages 80 and above, male",SP.POP.80UP.MA,16722955
East Asia & Pacific (IDA & IBRD countries),TEA,"Population, total",SP.POP.TOTL,2108690402
East Asia & Pacific (IDA & IBRD countries),TEA,"Population, male",SP.POP.TOTL.MA.IN,1069095272
East Asia & Pacific (IDA & IBRD countries),TEA,"Population, female",SP.POP.TOTL.FE.IN,1039595127
Ecuador,ECU,"Population ages 80 and above, female",SP.POP.80UP.FE,173741
Ecuador,ECU,"Population ages 80 and above, male",SP.POP.80UP.MA,114509
Ecuador,ECU,"Population, total",SP.POP.TOTL,18190484
Ecuador,ECU,"Population, male",SP.POP.TOTL.MA.IN,9078518
Ecuador,ECU,"Population, female",SP.POP.TOTL.FE.IN,9111966
"Egypt, Arab Rep.",EGY,"Population ages 80 and above, female",SP.POP.80UP.FE,411644
"Egypt, Arab Rep.",EGY,"Population ages 80 and above, male",SP.POP.80UP.MA,201239
"Egypt, Arab Rep.",EGY,"Population, total",SP.POP.TOTL,112716598
"Egypt, Arab Rep.",EGY,"Population, male",SP.POP.TOTL.MA.IN,56987677
"Egypt, Arab Rep.",EGY,"Population, female",SP.POP.TOTL.FE.IN,55728922
El Salvador,SLV,"Population ages 80 and above, female",SP.POP.80UP.FE,71161
El Salvador,SLV,"Population ages 80 and above, male",SP.POP.80UP.MA,41949
El Salvador,SLV,"Population, total",SP.POP.TOTL,6364943
El Salvador,SLV,"Population, male",SP.POP.TOTL.MA.IN,3029841
El Salvador,SLV,"Population, female",SP.POP.TOTL.FE.IN,3335102
Equatorial Guinea,GNQ,"Population ages 80 and above, female",SP.POP.80UP.FE,3850
Equatorial Guinea,GNQ,"Population ages 80 and above, male",SP.POP.80UP.MA,2606
Equatorial Guinea,GNQ,"Population, total",SP.POP.TOTL,1714671
Equatorial Guinea,GNQ,"Population, male",SP.POP.TOTL.MA.IN,903958
Equatorial Guinea,GNQ,"Population, female",SP.POP.TOTL.FE.IN,810713
Eritrea,ERI,"Population ages 80 and above, female",SP.POP.80UP.FE,13343
Eritrea,ERI,"Population ages 80 and above, male",SP.POP.80UP.MA,8731
Eritrea,ERI,"Population, total",SP.POP.TOTL,3748901
Eritrea,ERI,"Population, male",SP.POP.TOTL.MA.IN,1850523
Eritrea,ERI,"Population, female",SP.POP.TOTL.FE.IN,1898379
Estonia,EST,"Population ages 80 and above, female",SP.POP.80UP.FE,60900
Estonia,EST,"Population ages 80 and above, male",SP.POP.80UP.MA,21867
Estonia,EST,"Population, total",SP.POP.TOTL,1344839
Estonia,EST,"Population, male",SP.POP.TOTL.MA.IN,639163
Estonia,EST,"Population, female",SP.POP.TOTL.FE.IN,705676
Eswatini,SWZ,"Population ages 80 and above, female",SP.POP.80UP.FE,3588
Eswatini,SWZ,"Population ages 80 and above, male",SP.POP.80UP.MA,2080
Eswatini,SWZ,"Population, total",SP.POP.TOTL,1210822
Eswatini,SWZ,"Population, male",SP.POP.TOTL.MA.IN,600049
Eswatini,SWZ,"Population, female",SP.POP.TOTL.FE.IN,610772
Ethiopia,ETH,"Population ages 80 and above, female",SP.POP.80UP.FE,295787
Ethiopia,ETH,"Population ages 80 and above, male",SP.POP.80UP.MA,204380
Ethiopia,ETH,"Population, total",SP.POP.TOTL,126527060
Ethiopia,ETH,"Population, male",SP.POP.TOTL.MA.IN,63545705
Ethiopia,ETH,"Population, female",SP.POP.TOTL.FE.IN,62981355
Euro area,EMU,"Population ages 80 and above, female",SP.POP.80UP.FE,14268786
Euro area,EMU,"Population ages 80 and above, male",SP.POP.80UP.MA,8763027
Euro area,EMU,"Population, total",SP.POP.TOTL,344171314
Euro area,EMU,"Population, male",SP.POP.TOTL.MA.IN,168342975
Euro area,EMU,"Population, female",SP.POP.TOTL.FE.IN,175828337
Europe & Central Asia,ECS,"Population ages 80 and above, female",SP.POP.80UP.FE,27343693
Europe & Central Asia,ECS,"Population ages 80 and above, male",SP.POP.80UP.MA,14743207
Europe & Central Asia,ECS,"Population, total",SP.POP.TOTL,921123295
Europe & Central Asia,ECS,"Population, male",SP.POP.TOTL.MA.IN,447118848
Europe & Central Asia,ECS,"Population, female",SP.POP.TOTL.FE.IN,474004448
Europe & Central Asia (excluding high income),ECA,"Population ages 80 and above, female",SP.POP.80UP.FE,7704376
Europe & Central Asia (excluding high income),ECA,"Population ages 80 and above, male",SP.POP.80UP.MA,2732874
Europe & Central Asia (excluding high income),ECA,"Population, total",SP.POP.TOTL,400011439
Europe & Central Asia (excluding high income),ECA,"Population, male",SP.POP.TOTL.MA.IN,191823051
Europe & Central Asia (excluding high income),ECA,"Population, female",SP.POP.TOTL.FE.IN,208188388
Europe & Central Asia (IDA & IBRD countries),TEC,"Population ages 80 and above, female",SP.POP.80UP.FE,9371624
Europe & Central Asia (IDA & IBRD countries),TEC,"Population ages 80 and above, male",SP.POP.80UP.MA,3513557
Europe & Central Asia (IDA & IBRD countries),TEC,"Population, total",SP.POP.TOTL,458445812
Europe & Central Asia (IDA & IBRD countries),TEC,"Population, male",SP.POP.TOTL.MA.IN,220137434
Europe & Central Asia (IDA & IBRD countries),TEC,"Population, female",SP.POP.TOTL.FE.IN,238308378
European Union,EUU,"Population ages 80 and above, female",SP.POP.80UP.FE,17293501
European Union,EUU,"Population ages 80 and above, male",SP.POP.80UP.MA,10325276
European Union,EUU,"Population, total",SP.POP.TOTL,445602445
European Union,EUU,"Population, male",SP.POP.TOTL.MA.IN,217833613
European Union,EUU,"Population, female",SP.POP.TOTL.FE.IN,227768829
Faroe Islands,FRO,"Population ages 80 and above, female",SP.POP.80UP.FE,1347
Faroe Islands,FRO,"Population ages 80 and above, male",SP.POP.80UP.MA,1022
Faroe Islands,FRO,"Population, total",SP.POP.TOTL,53270
Faroe Islands,FRO,"Population, male",SP.POP.TOTL.MA.IN,27570
Faroe Islands,FRO,"Population, female",SP.POP.TOTL.FE.IN,25700
Fiji,FJI,"Population ages 80 and above, female",SP.POP.80UP.FE,4270
Fiji,FJI,"Population ages 80 and above, male",SP.POP.80UP.MA,2222
Fiji,FJI,"Population, total",SP.POP.TOTL,936375
Fiji,FJI,"Population, male",SP.POP.TOTL.MA.IN,469490
Fiji,FJI,"Population, female",SP.POP.TOTL.FE.IN,466885
Finland,FIN,"Population ages 80 and above, female",SP.POP.80UP.FE,209602
Finland,FIN,"Population ages 80 and above, male",SP.POP.80UP.MA,125496
Finland,FIN,"Population, total",SP.POP.TOTL,5558637
Finland,FIN,"Population, male",SP.POP.TOTL.MA.IN,2747281
Finland,FIN,"Population, female",SP.POP.TOTL.FE.IN,2811355
Fragile and conflict affected situations,FCS,"Population ages 80 and above, female",SP.POP.80UP.FE,3947294
Fragile and conflict affected situations,FCS,"Population ages 80 and above, male",SP.POP.80UP.MA,2067654
Fragile and conflict affected situations,FCS,"Population, total",SP.POP.TOTL,1045121612
Fragile and conflict affected situations,FCS,"Population, male",SP.POP.TOTL.MA.IN,521523953
Fragile and conflict affected situations,FCS,"Population, female",SP.POP.TOTL.FE.IN,523597656
France,FRA,"Population ages 80 and above, female",SP.POP.80UP.FE,2718491
France,FRA,"Population ages 80 and above, male",SP.POP.80UP.MA,1585113
France,FRA,"Population, total",SP.POP.TOTL,68095424
France,FRA,"Population, male",SP.POP.TOTL.MA.IN,32891759
France,FRA,"Population, female",SP.POP.TOTL.FE.IN,35203665
French Polynesia,PYF,"Population ages 80 and above, female",SP.POP.80UP.FE,3540
French Polynesia,PYF,"Population ages 80 and above, male",SP.POP.80UP.MA,2663
French Polynesia,PYF,"Population, total",SP.POP.TOTL,308872
French Polynesia,PYF,"Population, male",SP.POP.TOTL.MA.IN,156041
French Polynesia,PYF,"Population, female",SP.POP.TOTL.FE.IN,152831
Gabon,GAB,"Population ages 80 and above, female",SP.POP.80UP.FE,8046
Gabon,GAB,"Population ages 80 and above, male",SP.POP.80UP.MA,6426
Gabon,GAB,"Population, total",SP.POP.TOTL,2436566
Gabon,GAB,"Population, male",SP.POP.TOTL.MA.IN,1238576
Gabon,GAB,"Population, female",SP.POP.TOTL.FE.IN,1197990
"Gambia, The",GMB,"Population ages 80 and above, female",SP.POP.80UP.FE,5339
"Gambia, The",GMB,"Population ages 80 and above, male",SP.POP.80UP.MA,4024
"Gambia, The",GMB,"Population, total",SP.POP.TOTL,2773168
"Gambia, The",GMB,"Population, male",SP.POP.TOTL.MA.IN,1380095
"Gambia, The",GMB,"Population, female",SP.POP.TOTL.FE.IN,1393072
Georgia,GEO,"Population ages 80 and above, female",SP.POP.80UP.FE,88305
Georgia,GEO,"Population ages 80 and above, male",SP.POP.80UP.MA,28378
Georgia,GEO,"Population, total",SP.POP.TOTL,3698729
Georgia,GEO,"Population, male",SP.POP.TOTL.MA.IN,1738239
Georgia,GEO,"Population, female",SP.POP.TOTL.FE.IN,1960490
Germany,DEU,"Population ages 80 and above, female",SP.POP.80UP.FE,3873599
Germany,DEU,"Population ages 80 and above, male",SP.POP.80UP.MA,2450178
Germany,DEU,"Population, total",SP.POP.TOTL,83699288
Germany,DEU,"Population, male",SP.POP.TOTL.MA.IN,41309094
Germany,DEU,"Population, female",SP.POP.TOTL.FE.IN,42390194
Ghana,GHA,"Population ages 80 and above, female",SP.POP.80UP.FE,91825
Ghana,GHA,"Population ages 80 and above, male",SP.POP.80UP.MA,61948
Ghana,GHA,"Population, total",SP.POP.TOTL,34121985
Ghana,GHA,"Population, male",SP.POP.TOTL.MA.IN,17016528
Ghana,GHA,"Population, female",SP.POP.TOTL.FE.IN,17105458
Gibraltar,GIB,"Population ages 80 and above, female",SP.POP.80UP.FE,1090
Gibraltar,GIB,"Population ages 80 and above, male",SP.POP.80UP.MA,727
Gibraltar,GIB,"Population, total",SP.POP.TOTL,32688
Gibraltar,GIB,"Population, male",SP.POP.TOTL.MA.IN,16334
Gibraltar,GIB,"Population, female",SP.POP.TOTL.FE.IN,16355
Greece,GRC,"Population ages 80 and above, female",SP.POP.80UP.FE,397730
Greece,GRC,"Population ages 80 and above, male",SP.POP.80UP.MA,315973
Greece,GRC,"Population, total",SP.POP.TOTL,10384471
Greece,GRC,"Population, male",SP.POP.TOTL.MA.IN,5075251
Greece,GRC,"Population, female",SP.POP.TOTL.FE.IN,5309220
Greenland,GRL,"Population ages 80 and above, female",SP.POP.80UP.FE,..
Greenland,GRL,"Population ages 80 and above, male",SP.POP.80UP.MA,..
Greenland,GRL,"Population, total",SP.POP.TOTL,..
Greenland,GRL,"Population, male",SP.POP.TOTL.MA.IN,..
Greenland,GRL,"Population, female",SP.POP.TOTL.FE.IN,..
Grenada,GRD,"Population ages 80 and above, female",SP.POP.80UP.FE,1953
Grenada,GRD,"Population ages 80 and above, male",SP.POP.80UP.MA,1104
Grenada,GRD,"Population, total",SP.POP.TOTL,126183
Grenada,GRD,"Population, male",SP.POP.TOTL.MA.IN,63041
Grenada,GRD,"Population, female",SP.POP.TOTL.FE.IN,63142
Guam,GUM,"Population ages 80 and above, female",SP.POP.80UP.FE,2664
Guam,GUM,"Population ages 80 and above, male",SP.POP.80UP.MA,1664
Guam,GUM,"Population, total",SP.POP.TOTL,172952
Guam,GUM,"Population, male",SP.POP.TOTL.MA.IN,86992
Guam,GUM,"Population, female",SP.POP.TOTL.FE.IN,85960
Guatemala,GTM,"Population ages 80 and above, female",SP.POP.80UP.FE,99260
Guatemala,GTM,"Population ages 80 and above, male",SP.POP.80UP.MA,71231
Guatemala,GTM,"Population, total",SP.POP.TOTL,17601416
Guatemala,GTM,"Population, male",SP.POP.TOTL.MA.IN,8709497
Guatemala,GTM,"Population, female",SP.POP.TOTL.FE.IN,8891919
Guinea,GIN,"Population ages 80 and above, female",SP.POP.80UP.FE,39856
Guinea,GIN,"Population ages 80 and above, male",SP.POP.80UP.MA,25480
Guinea,GIN,"Population, total",SP.POP.TOTL,14190612
Guinea,GIN,"Population, male",SP.POP.TOTL.MA.IN,7023590
Guinea,GIN,"Population, female",SP.POP.TOTL.FE.IN,7167023
Guinea-Bissau,GNB,"Population ages 80 and above, female",SP.POP.80UP.FE,3732
Guinea-Bissau,GNB,"Population ages 80 and above, male",SP.POP.80UP.MA,2675
Guinea-Bissau,GNB,"Population, total",SP.POP.TOTL,2150842
Guinea-Bissau,GNB,"Population, male",SP.POP.TOTL.MA.IN,1062741
Guinea-Bissau,GNB,"Population, female",SP.POP.TOTL.FE.IN,1088101
Guyana,GUY,"Population ages 80 and above, female",SP.POP.80UP.FE,5079
Guyana,GUY,"Population ages 80 and above, male",SP.POP.80UP.MA,2983
Guyana,GUY,"Population, total",SP.POP.TOTL,813834
Guyana,GUY,"Population, male",SP.POP.TOTL.MA.IN,398825
Guyana,GUY,"Population, female",SP.POP.TOTL.FE.IN,415010
Haiti,HTI,"Population ages 80 and above, female",SP.POP.80UP.FE,40697
Haiti,HTI,"Population ages 80 and above, male",SP.POP.80UP.MA,23919
Haiti,HTI,"Population, total",SP.POP.TOTL,11724763
Haiti,HTI,"Population, male",SP.POP.TOTL.MA.IN,5805698
Haiti,HTI,"Population, female",SP.POP.TOTL.FE.IN,5919066
Heavily indebted poor countries (HIPC),HPC,"Population ages 80 and above, female",SP.POP.80UP.FE,1903128
Heavily indebted poor countries (HIPC),HPC,"Population ages 80 and above, male",SP.POP.80UP.MA,1239433
Heavily indebted poor countries (HIPC),HPC,"Population, total",SP.POP.TOTL,907995430
Heavily indebted poor countries (HIPC),HPC,"Population, male",SP.POP.TOTL.MA.IN,452626654
Heavily indebted poor countries (HIPC),HPC,"Population, female",SP.POP.TOTL.FE.IN,455368781
High income,HIC,"Population ages 80 and above, female",SP.POP.80UP.FE,41426027
High income,HIC,"Population ages 80 and above, male",SP.POP.80UP.MA,25965586
High income,HIC,"Population, total",SP.POP.TOTL,1245416528
High income,HIC,"Population, male",SP.POP.TOTL.MA.IN,619514621
High income,HIC,"Population, female",SP.POP.TOTL.FE.IN,625901910
Honduras,HND,"Population ages 80 and above, female",SP.POP.80UP.FE,35161
Honduras,HND,"Population ages 80 and above, male",SP.POP.80UP.MA,21258
Honduras,HND,"Population, total",SP.POP.TOTL,10593798
Honduras,HND,"Population, male",SP.POP.TOTL.MA.IN,5347368
Honduras,HND,"Population, female",SP.POP.TOTL.FE.IN,5246431
"Hong Kong SAR, China",HKG,"Population ages 80 and above, female",SP.POP.80UP.FE,231617
"Hong Kong SAR, China",HKG,"Population ages 80 and above, male",SP.POP.80UP.MA,167814
"Hong Kong SAR, China",HKG,"Population, total",SP.POP.TOTL,7350409
"Hong Kong SAR, China",HKG,"Population, male",SP.POP.TOTL.MA.IN,3381933
"Hong Kong SAR, China",HKG,"Population, female",SP.POP.TOTL.FE.IN,3968475
Hungary,HUN,"Population ages 80 and above, female",SP.POP.80UP.FE,297432
Hungary,HUN,"Population ages 80 and above, male",SP.POP.80UP.MA,129536
Hungary,HUN,"Population, total",SP.POP.TOTL,9457003
Hungary,HUN,"Population, male",SP.POP.TOTL.MA.IN,4546630
Hungary,HUN,"Population, female",SP.POP.TOTL.FE.IN,4910373
IBRD only,IBD,"Population ages 80 and above, female",SP.POP.80UP.FE,..
IBRD only,IBD,"Population ages 80 and above, male",SP.POP.80UP.MA,..
IBRD only,IBD,"Population, total",SP.POP.TOTL,..
IBRD only,IBD,"Population, male",SP.POP.TOTL.MA.IN,..
IBRD only,IBD,"Population, female",SP.POP.TOTL.FE.IN,..
Iceland,ISL,"Population ages 80 and above, female",SP.POP.80UP.FE,7852
Iceland,ISL,"Population ages 80 and above, male",SP.POP.80UP.MA,5992
Iceland,ISL,"Population, total",SP.POP.TOTL,384407
Iceland,ISL,"Population, male",SP.POP.TOTL.MA.IN,197033
Iceland,ISL,"Population, female",SP.POP.TOTL.FE.IN,187375
IDA & IBRD total,IBT,"Population ages 80 and above, female",SP.POP.80UP.FE,59210980
IDA & IBRD total,IBT,"Population ages 80 and above, male",SP.POP.80UP.MA,35497495
IDA & IBRD total,IBT,"Population, total",SP.POP.TOTL,6821827938
IDA & IBRD total,IBT,"Population, male",SP.POP.TOTL.MA.IN,3433464061
IDA & IBRD total,IBT,"Population, female",SP.POP.TOTL.FE.IN,3388363879
IDA blend,IDB,"Population ages 80 and above, female",SP.POP.80UP.FE,..
IDA blend,IDB,"Population ages 80 and above, male",SP.POP.80UP.MA,..
IDA blend,IDB,"Population, total",SP.POP.TOTL,..
IDA blend,IDB,"Population, male",SP.POP.TOTL.MA.IN,..
IDA blend,IDB,"Population, female",SP.POP.TOTL.FE.IN,..
IDA only,IDX,"Population ages 80 and above, female",SP.POP.80UP.FE,..
IDA only,IDX,"Population ages 80 and above, male",SP.POP.80UP.MA,..
IDA only,IDX,"Population, total",SP.POP.TOTL,..
IDA only,IDX,"Population, male",SP.POP.TOTL.MA.IN,..
IDA only,IDX,"Population, female",SP.POP.TOTL.FE.IN,..
IDA total,IDA,"Population ages 80 and above, female",SP.POP.80UP.FE,..
IDA total,IDA,"Population ages 80 and above, male",SP.POP.80UP.MA,..
IDA total,IDA,"Population, total",SP.POP.TOTL,..
IDA total,IDA,"Population, male",SP.POP.TOTL.MA.IN,..
IDA total,IDA,"Population, female",SP.POP.TOTL.FE.IN,..
India,IND,"Population ages 80 and above, female",SP.POP.80UP.FE,8656030
India,IND,"Population ages 80 and above, male",SP.POP.80UP.MA,6391993
India,IND,"Population, total",SP.POP.TOTL,1428627663
India,IND,"Population, male",SP.POP.TOTL.MA.IN,736851532
India,IND,"Population, female",SP.POP.TOTL.FE.IN,691776131
Indonesia,IDN,"Population ages 80 and above, female",SP.POP.80UP.FE,1790554
Indonesia,IDN,"Population ages 80 and above, male",SP.POP.80UP.MA,988554
Indonesia,IDN,"Population, total",SP.POP.TOTL,277534122
Indonesia,IDN,"Population, male",SP.POP.TOTL.MA.IN,139707831
Indonesia,IDN,"Population, female",SP.POP.TOTL.FE.IN,137826291
"Iran, Islamic Rep.",IRN,"Population ages 80 and above, female",SP.POP.80UP.FE,624100
"Iran, Islamic Rep.",IRN,"Population ages 80 and above, male",SP.POP.80UP.MA,374973
"Iran, Islamic Rep.",IRN,"Population, total",SP.POP.TOTL,89172767
"Iran, Islamic Rep.",IRN,"Population, male",SP.POP.TOTL.MA.IN,45002394
"Iran, Islamic Rep.",IRN,"Population, female",SP.POP.TOTL.FE.IN,44170373
Iraq,IRQ,"Population ages 80 and above, female",SP.POP.80UP.FE,127000
Iraq,IRQ,"Population ages 80 and above, male",SP.POP.80UP.MA,66339
Iraq,IRQ,"Population, total",SP.POP.TOTL,45504560
Iraq,IRQ,"Population, male",SP.POP.TOTL.MA.IN,22806498
Iraq,IRQ,"Population, female",SP.POP.TOTL.FE.IN,22698062
Ireland,IRL,"Population ages 80 and above, female",SP.POP.80UP.FE,106355
Ireland,IRL,"Population ages 80 and above, male",SP.POP.80UP.MA,78074
Ireland,IRL,"Population, total",SP.POP.TOTL,5160824
Ireland,IRL,"Population, male",SP.POP.TOTL.MA.IN,2558174
Ireland,IRL,"Population, female",SP.POP.TOTL.FE.IN,2602649
Isle of Man,IMN,"Population ages 80 and above, female",SP.POP.80UP.FE,2977
Isle of Man,IMN,"Population ages 80 and above, male",SP.POP.80UP.MA,2161
Isle of Man,IMN,"Population, total",SP.POP.TOTL,84710
Isle of Man,IMN,"Population, male",SP.POP.TOTL.MA.IN,41947
Isle of Man,IMN,"Population, female",SP.POP.TOTL.FE.IN,42763
Israel,ISR,"Population ages 80 and above, female",SP.POP.80UP.FE,170405
Israel,ISR,"Population ages 80 and above, male",SP.POP.80UP.MA,115099
Israel,ISR,"Population, total",SP.POP.TOTL,9700276
Israel,ISR,"Population, male",SP.POP.TOTL.MA.IN,4840666
Israel,ISR,"Population, female",SP.POP.TOTL.FE.IN,4859609
Italy,ITA,"Population ages 80 and above, female",SP.POP.80UP.FE,2844652
Italy,ITA,"Population ages 80 and above, male",SP.POP.80UP.MA,1774274
Italy,ITA,"Population, total",SP.POP.TOTL,58745744
Italy,ITA,"Population, male",SP.POP.TOTL.MA.IN,28663855
Italy,ITA,"Population, female",SP.POP.TOTL.FE.IN,30081890
Jamaica,JAM,"Population ages 80 and above, female",SP.POP.80UP.FE,17648
Jamaica,JAM,"Population ages 80 and above, male",SP.POP.80UP.MA,13191
Jamaica,JAM,"Population, total",SP.POP.TOTL,2825544
Jamaica,JAM,"Population, male",SP.POP.TOTL.MA.IN,1401001
Jamaica,JAM,"Population, female",SP.POP.TOTL.FE.IN,1424543
Japan,JPN,"Population ages 80 and above, female",SP.POP.80UP.FE,8449647
Japan,JPN,"Population ages 80 and above, male",SP.POP.80UP.MA,5006040
Japan,JPN,"Population, total",SP.POP.TOTL,124389416
Japan,JPN,"Population, male",SP.POP.TOTL.MA.IN,60445783
Japan,JPN,"Population, female",SP.POP.TOTL.FE.IN,63943633
Jordan,JOR,"Population ages 80 and above, female",SP.POP.80UP.FE,37621
Jordan,JOR,"Population ages 80 and above, male",SP.POP.80UP.MA,24846
Jordan,JOR,"Population, total",SP.POP.TOTL,11337052
Jordan,JOR,"Population, male",SP.POP.TOTL.MA.IN,5868983
Jordan,JOR,"Population, female",SP.POP.TOTL.FE.IN,5468070
Kazakhstan,KAZ,"Population ages 80 and above, female",SP.POP.80UP.FE,178148
Kazakhstan,KAZ,"Population ages 80 and above, male",SP.POP.80UP.MA,61674
Kazakhstan,KAZ,"Population, total",SP.POP.TOTL,19841426
Kazakhstan,KAZ,"Population, male",SP.POP.TOTL.MA.IN,9557294
Kazakhstan,KAZ,"Population, female",SP.POP.TOTL.FE.IN,10284133
Kenya,KEN,"Population ages 80 and above, female",SP.POP.80UP.FE,186090
Kenya,KEN,"Population ages 80 and above, male",SP.POP.80UP.MA,90905
Kenya,KEN,"Population, total",SP.POP.TOTL,55100586
Kenya,KEN,"Population, male",SP.POP.TOTL.MA.IN,27304201
Kenya,KEN,"Population, female",SP.POP.TOTL.FE.IN,27796386
Kiribati,KIR,"Population ages 80 and above, female",SP.POP.80UP.FE,360
Kiribati,KIR,"Population ages 80 and above, male",SP.POP.80UP.MA,156
Kiribati,KIR,"Population, total",SP.POP.TOTL,133515
Kiribati,KIR,"Population, male",SP.POP.TOTL.MA.IN,65144
Kiribati,KIR,"Population, female",SP.POP.TOTL.FE.IN,68371
"Korea, Dem. People's Rep.",PRK,"Population ages 80 and above, female",SP.POP.80UP.FE,471675
"Korea, Dem. People's Rep.",PRK,"Population ages 80 and above, male",SP.POP.80UP.MA,196956
"Korea, Dem. People's Rep.",PRK,"Population, total",SP.POP.TOTL,26160821
"Korea, Dem. People's Rep.",PRK,"Population, male",SP.POP.TOTL.MA.IN,12960706
"Korea, Dem. People's Rep.",PRK,"Population, female",SP.POP.TOTL.FE.IN,13200116
"Korea, Rep.",KOR,"Population ages 80 and above, female",SP.POP.80UP.FE,1565640
"Korea, Rep.",KOR,"Population ages 80 and above, male",SP.POP.80UP.MA,791617
"Korea, Rep.",KOR,"Population, total",SP.POP.TOTL,51559476
"Korea, Rep.",KOR,"Population, male",SP.POP.TOTL.MA.IN,25727688
"Korea, Rep.",KOR,"Population, female",SP.POP.TOTL.FE.IN,25831788
Kosovo,XKX,"Population ages 80 and above, female",SP.POP.80UP.FE,23968
Kosovo,XKX,"Population ages 80 and above, male",SP.POP.80UP.MA,15205
Kosovo,XKX,"Population, total",SP.POP.TOTL,1766104
Kosovo,XKX,"Population, male",SP.POP.TOTL.MA.IN,880209
Kosovo,XKX,"Population, female",SP.POP.TOTL.FE.IN,885896
Kuwait,KWT,"Population ages 80 and above, female",SP.POP.80UP.FE,10317
Kuwait,KWT,"Population ages 80 and above, male",SP.POP.80UP.MA,12454
Kuwait,KWT,"Population, total",SP.POP.TOTL,4310108
Kuwait,KWT,"Population, male",SP.POP.TOTL.MA.IN,2616300
Kuwait,KWT,"Population, female",SP.POP.TOTL.FE.IN,1693808
Kyrgyz Republic,KGZ,"Population ages 80 and above, female",SP.POP.80UP.FE,29670
Kyrgyz Republic,KGZ,"Population ages 80 and above, male",SP.POP.80UP.MA,13568
Kyrgyz Republic,KGZ,"Population, total",SP.POP.TOTL,7085921
Kyrgyz Republic,KGZ,"Population, male",SP.POP.TOTL.MA.IN,3478583
Kyrgyz Republic,KGZ,"Population, female",SP.POP.TOTL.FE.IN,3607338
Lao PDR,LAO,"Population ages 80 and above, female",SP.POP.80UP.FE,26027
Lao PDR,LAO,"Population ages 80 and above, male",SP.POP.80UP.MA,18310
Lao PDR,LAO,"Population, total",SP.POP.TOTL,7633779
Lao PDR,LAO,"Population, male",SP.POP.TOTL.MA.IN,3846648
Lao PDR,LAO,"Population, female",SP.POP.TOTL.FE.IN,3787131
Late-demographic dividend,LTE,"Population ages 80 and above, female",SP.POP.80UP.FE,35678481
Late-demographic dividend,LTE,"Population ages 80 and above, male",SP.POP.80UP.MA,20401766
Late-demographic dividend,LTE,"Population, total",SP.POP.TOTL,2326847004
Late-demographic dividend,LTE,"Population, male",SP.POP.TOTL.MA.IN,1169429297
Late-demographic dividend,LTE,"Population, female",SP.POP.TOTL.FE.IN,1157417711
Latin America & Caribbean,LCN,"Population ages 80 and above, female",SP.POP.80UP.FE,7388313
Latin America & Caribbean,LCN,"Population ages 80 and above, male",SP.POP.80UP.MA,4522694
Latin America & Caribbean,LCN,"Population, total",SP.POP.TOTL,663972136
Latin America & Caribbean,LCN,"Population, male",SP.POP.TOTL.MA.IN,326888441
Latin America & Caribbean,LCN,"Population, female",SP.POP.TOTL.FE.IN,337083696
Latin America & Caribbean (excluding high income),LAC,"Population ages 80 and above, female",SP.POP.80UP.FE,6429634
Latin America & Caribbean (excluding high income),LAC,"Population ages 80 and above, male",SP.POP.80UP.MA,3960090
Latin America & Caribbean (excluding high income),LAC,"Population, total",SP.POP.TOTL,600689332
Latin America & Caribbean (excluding high income),LAC,"Population, male",SP.POP.TOTL.MA.IN,295677657
Latin America & Caribbean (excluding high income),LAC,"Population, female",SP.POP.TOTL.FE.IN,305011678
Latin America & the Caribbean (IDA & IBRD countries),TLA,"Population ages 80 and above, female",SP.POP.80UP.FE,6991861
Latin America & the Caribbean (IDA & IBRD countries),TLA,"Population ages 80 and above, male",SP.POP.80UP.MA,4252124
Latin America & the Caribbean (IDA & IBRD countries),TLA,"Population, total",SP.POP.TOTL,648344991
Latin America & the Caribbean (IDA & IBRD countries),TLA,"Population, male",SP.POP.TOTL.MA.IN,319238861
Latin America & the Caribbean (IDA & IBRD countries),TLA,"Population, female",SP.POP.TOTL.FE.IN,329106133
Latvia,LVA,"Population ages 80 and above, female",SP.POP.80UP.FE,91080
Latvia,LVA,"Population ages 80 and above, male",SP.POP.80UP.MA,31155
Latvia,LVA,"Population, total",SP.POP.TOTL,1858606
Latvia,LVA,"Population, male",SP.POP.TOTL.MA.IN,862953
Latvia,LVA,"Population, female",SP.POP.TOTL.FE.IN,995653
Least developed countries: UN classification,LDC,"Population ages 80 and above, female",SP.POP.80UP.FE,3187436
Least developed countries: UN classification,LDC,"Population ages 80 and above, male",SP.POP.80UP.MA,2144971
Least developed countries: UN classification,LDC,"Population, total",SP.POP.TOTL,1151134198
Least developed countries: UN classification,LDC,"Population, male",SP.POP.TOTL.MA.IN,572443790
Least developed countries: UN classification,LDC,"Population, female",SP.POP.TOTL.FE.IN,578690408
Lebanon,LBN,"Population ages 80 and above, female",SP.POP.80UP.FE,67545
Lebanon,LBN,"Population ages 80 and above, male",SP.POP.80UP.MA,33419
Lebanon,LBN,"Population, total",SP.POP.TOTL,5353930
Lebanon,LBN,"Population, male",SP.POP.TOTL.MA.IN,2594952
Lebanon,LBN,"Population, female",SP.POP.TOTL.FE.IN,2758977
Lesotho,LSO,"Population ages 80 and above, female",SP.POP.80UP.FE,10544
Lesotho,LSO,"Population ages 80 and above, male",SP.POP.80UP.MA,4854
Lesotho,LSO,"Population, total",SP.POP.TOTL,2330318
Lesotho,LSO,"Population, male",SP.POP.TOTL.MA.IN,1149224
Lesotho,LSO,"Population, female",SP.POP.TOTL.FE.IN,1181093
Liberia,LBR,"Population ages 80 and above, female",SP.POP.80UP.FE,13332
Liberia,LBR,"Population ages 80 and above, male",SP.POP.80UP.MA,9931
Liberia,LBR,"Population, total",SP.POP.TOTL,5418377
Liberia,LBR,"Population, male",SP.POP.TOTL.MA.IN,2699486
Liberia,LBR,"Population, female",SP.POP.TOTL.FE.IN,2718890
Libya,LBY,"Population ages 80 and above, female",SP.POP.80UP.FE,34745
Libya,LBY,"Population ages 80 and above, male",SP.POP.80UP.MA,25437
Libya,LBY,"Population, total",SP.POP.TOTL,6888388
Libya,LBY,"Population, male",SP.POP.TOTL.MA.IN,3483751
Libya,LBY,"Population, female",SP.POP.TOTL.FE.IN,3404637
Liechtenstein,LIE,"Population ages 80 and above, female",SP.POP.80UP.FE,1119
Liechtenstein,LIE,"Population ages 80 and above, male",SP.POP.80UP.MA,746
Liechtenstein,LIE,"Population, total",SP.POP.TOTL,39584
Liechtenstein,LIE,"Population, male",SP.POP.TOTL.MA.IN,19643
Liechtenstein,LIE,"Population, female",SP.POP.TOTL.FE.IN,19942
Lithuania,LTU,"Population ages 80 and above, female",SP.POP.80UP.FE,128227
Lithuania,LTU,"Population ages 80 and above, male",SP.POP.80UP.MA,47114
Lithuania,LTU,"Population, total",SP.POP.TOTL,2803946
Lithuania,LTU,"Population, male",SP.POP.TOTL.MA.IN,1317354
Lithuania,LTU,"Population, female",SP.POP.TOTL.FE.IN,1486591
Low & middle income,LMY,"Population ages 80 and above, female",SP.POP.80UP.FE,57468509
Low & middle income,LMY,"Population ages 80 and above, male",SP.POP.80UP.MA,34630824
Low & middle income,LMY,"Population, total",SP.POP.TOTL,6746924578
Low & middle income,LMY,"Population, male",SP.POP.TOTL.MA.IN,3397054281
Low & middle income,LMY,"Population, female",SP.POP.TOTL.FE.IN,3349870299
Low income,LIC,"Population ages 80 and above, female",SP.POP.80UP.FE,1858345
Low income,LIC,"Population ages 80 and above, male",SP.POP.80UP.MA,1090178
Low income,LIC,"Population, total",SP.POP.TOTL,722984063
Low income,LIC,"Population, male",SP.POP.TOTL.MA.IN,360901606
Low income,LIC,"Population, female",SP.POP.TOTL.FE.IN,362082454
Lower middle income,LMC,"Population ages 80 and above, female",SP.POP.80UP.FE,17696590
Lower middle income,LMC,"Population ages 80 and above, male",SP.POP.80UP.MA,11455721
Lower middle income,LMC,"Population, total",SP.POP.TOTL,3232011333
Lower middle income,LMC,"Population, male",SP.POP.TOTL.MA.IN,1637444193
Lower middle income,LMC,"Population, female",SP.POP.TOTL.FE.IN,1594567143
Luxembourg,LUX,"Population ages 80 and above, female",SP.POP.80UP.FE,16542
Luxembourg,LUX,"Population ages 80 and above, male",SP.POP.80UP.MA,10392
Luxembourg,LUX,"Population, total",SP.POP.TOTL,659904
Luxembourg,LUX,"Population, male",SP.POP.TOTL.MA.IN,332142
Luxembourg,LUX,"Population, female",SP.POP.TOTL.FE.IN,327762
"Macao SAR, China",MAC,"Population ages 80 and above, female",SP.POP.80UP.FE,11259
"Macao SAR, China",MAC,"Population ages 80 and above, male",SP.POP.80UP.MA,7675
"Macao SAR, China",MAC,"Population, total",SP.POP.TOTL,704149
"Macao SAR, China",MAC,"Population, male",SP.POP.TOTL.MA.IN,329909
"Macao SAR, China",MAC,"Population, female",SP.POP.TOTL.FE.IN,374241
Madagascar,MDG,"Population ages 80 and above, female",SP.POP.80UP.FE,68446
Madagascar,MDG,"Population ages 80 and above, male",SP.POP.80UP.MA,48257
Madagascar,MDG,"Population, total",SP.POP.TOTL,30325732
Madagascar,MDG,"Population, male",SP.POP.TOTL.MA.IN,15190700
Madagascar,MDG,"Population, female",SP.POP.TOTL.FE.IN,15135032
Malawi,MWI,"Population ages 80 and above, female",SP.POP.80UP.FE,78580
Malawi,MWI,"Population ages 80 and above, male",SP.POP.80UP.MA,33724
Malawi,MWI,"Population, total",SP.POP.TOTL,20931751
Malawi,MWI,"Population, male",SP.POP.TOTL.MA.IN,10184498
Malawi,MWI,"Population, female",SP.POP.TOTL.FE.IN,10747253
Malaysia,MYS,"Population ages 80 and above, female",SP.POP.80UP.FE,225800
Malaysia,MYS,"Population ages 80 and above, male",SP.POP.80UP.MA,174555
Malaysia,MYS,"Population, total",SP.POP.TOTL,34308525
Malaysia,MYS,"Population, male",SP.POP.TOTL.MA.IN,17520258
Malaysia,MYS,"Population, female",SP.POP.TOTL.FE.IN,16788267
Maldives,MDV,"Population ages 80 and above, female",SP.POP.80UP.FE,2644
Maldives,MDV,"Population ages 80 and above, male",SP.POP.80UP.MA,2892
Maldives,MDV,"Population, total",SP.POP.TOTL,521021
Maldives,MDV,"Population, male",SP.POP.TOTL.MA.IN,298591
Maldives,MDV,"Population, female",SP.POP.TOTL.FE.IN,222431
Mali,MLI,"Population ages 80 and above, female",SP.POP.80UP.FE,31164
Mali,MLI,"Population ages 80 and above, male",SP.POP.80UP.MA,23067
Mali,MLI,"Population, total",SP.POP.TOTL,23293698
Mali,MLI,"Population, male",SP.POP.TOTL.MA.IN,11758772
Mali,MLI,"Population, female",SP.POP.TOTL.FE.IN,11534926
Malta,MLT,"Population ages 80 and above, female",SP.POP.80UP.FE,15245
Malta,MLT,"Population ages 80 and above, male",SP.POP.80UP.MA,9659
Malta,MLT,"Population, total",SP.POP.TOTL,532616
Malta,MLT,"Population, male",SP.POP.TOTL.MA.IN,277739
Malta,MLT,"Population, female",SP.POP.TOTL.FE.IN,254877
Marshall Islands,MHL,"Population ages 80 and above, female",SP.POP.80UP.FE,67
Marshall Islands,MHL,"Population ages 80 and above, male",SP.POP.80UP.MA,42
Marshall Islands,MHL,"Population, total",SP.POP.TOTL,41996
Marshall Islands,MHL,"Population, male",SP.POP.TOTL.MA.IN,21425
Marshall Islands,MHL,"Population, female",SP.POP.TOTL.FE.IN,20571
Mauritania,MRT,"Population ages 80 and above, female",SP.POP.80UP.FE,10929
Mauritania,MRT,"Population ages 80 and above, male",SP.POP.80UP.MA,8599
Mauritania,MRT,"Population, total",SP.POP.TOTL,4862989
Mauritania,MRT,"Population, male",SP.POP.TOTL.MA.IN,2384716
Mauritania,MRT,"Population, female",SP.POP.TOTL.FE.IN,2478273
Mauritius,MUS,"Population ages 80 and above, female",SP.POP.80UP.FE,17190
Mauritius,MUS,"Population ages 80 and above, male",SP.POP.80UP.MA,9818
Mauritius,MUS,"Population, total",SP.POP.TOTL,1263939
Mauritius,MUS,"Population, male",SP.POP.TOTL.MA.IN,622782
Mauritius,MUS,"Population, female",SP.POP.TOTL.FE.IN,641157
Mexico,MEX,"Population ages 80 and above, female",SP.POP.80UP.FE,1302939
Mexico,MEX,"Population ages 80 and above, male",SP.POP.80UP.MA,936147
Mexico,MEX,"Population, total",SP.POP.TOTL,128455567
Mexico,MEX,"Population, male",SP.POP.TOTL.MA.IN,62641366
Mexico,MEX,"Population, female",SP.POP.TOTL.FE.IN,65814200
"Micronesia, Fed. Sts.",FSM,"Population ages 80 and above, female",SP.POP.80UP.FE,499
"Micronesia, Fed. Sts.",FSM,"Population ages 80 and above, male",SP.POP.80UP.MA,219
"Micronesia, Fed. Sts.",FSM,"Population, total",SP.POP.TOTL,115224
"Micronesia, Fed. Sts.",FSM,"Population, male",SP.POP.TOTL.MA.IN,57891
"Micronesia, Fed. Sts.",FSM,"Population, female",SP.POP.TOTL.FE.IN,57334
Middle East & North Africa,MEA,"Population ages 80 and above, female",SP.POP.80UP.FE,2450579
Middle East & North Africa,MEA,"Population ages 80 and above, male",SP.POP.80UP.MA,1528528
Middle East & North Africa,MEA,"Population, total",SP.POP.TOTL,500703769
Middle East & North Africa,MEA,"Population, male",SP.POP.TOTL.MA.IN,258571516
Middle East & North Africa,MEA,"Population, female",SP.POP.TOTL.FE.IN,242132254
Middle East & North Africa (excluding high income),MNA,"Population ages 80 and above, female",SP.POP.80UP.FE,2127845
Middle East & North Africa (excluding high income),MNA,"Population ages 80 and above, male",SP.POP.80UP.MA,1281921
Middle East & North Africa (excluding high income),MNA,"Population, total",SP.POP.TOTL,430850589
Middle East & North Africa (excluding high income),MNA,"Population, male",SP.POP.TOTL.MA.IN,217305043
Middle East & North Africa (excluding high income),MNA,"Population, female",SP.POP.TOTL.FE.IN,213545547
Middle East & North Africa (IDA & IBRD countries),TMN,"Population ages 80 and above, female",SP.POP.80UP.FE,2111210
Middle East & North Africa (IDA & IBRD countries),TMN,"Population ages 80 and above, male",SP.POP.80UP.MA,1272320
Middle East & North Africa (IDA & IBRD countries),TMN,"Population, total",SP.POP.TOTL,425691336
Middle East & North Africa (IDA & IBRD countries),TMN,"Population, male",SP.POP.TOTL.MA.IN,214730069
Middle East & North Africa (IDA & IBRD countries),TMN,"Population, female",SP.POP.TOTL.FE.IN,210961268
Middle income,MIC,"Population ages 80 and above, female",SP.POP.80UP.FE,55610164
Middle income,MIC,"Population ages 80 and above, male",SP.POP.80UP.MA,33540646
Middle income,MIC,"Population, total",SP.POP.TOTL,6023940515
Middle income,MIC,"Population, male",SP.POP.TOTL.MA.IN,3036152675
Middle income,MIC,"Population, female",SP.POP.TOTL.FE.IN,2987787845
Moldova,MDA,"Population ages 80 and above, female",SP.POP.80UP.FE,34422
Moldova,MDA,"Population ages 80 and above, male",SP.POP.80UP.MA,11624
Moldova,MDA,"Population, total",SP.POP.TOTL,2411126
Moldova,MDA,"Population, male",SP.POP.TOTL.MA.IN,1149991
Moldova,MDA,"Population, female",SP.POP.TOTL.FE.IN,1261135
Monaco,MCO,"Population ages 80 and above, female",SP.POP.80UP.FE,3261
Monaco,MCO,"Population ages 80 and above, male",SP.POP.80UP.MA,2536
Monaco,MCO,"Population, total",SP.POP.TOTL,36297
Monaco,MCO,"Population, male",SP.POP.TOTL.MA.IN,17783
Monaco,MCO,"Population, female",SP.POP.TOTL.FE.IN,18515
Mongolia,MNG,"Population ages 80 and above, female",SP.POP.80UP.FE,17775
Mongolia,MNG,"Population ages 80 and above, male",SP.POP.80UP.MA,8982
Mongolia,MNG,"Population, total",SP.POP.TOTL,3447157
Mongolia,MNG,"Population, male",SP.POP.TOTL.MA.IN,1708447
Mongolia,MNG,"Population, female",SP.POP.TOTL.FE.IN,1738709
Montenegro,MNE,"Population ages 80 and above, female",SP.POP.80UP.FE,15855
Montenegro,MNE,"Population ages 80 and above, male",SP.POP.80UP.MA,6999
Montenegro,MNE,"Population, total",SP.POP.TOTL,616791
Montenegro,MNE,"Population, male",SP.POP.TOTL.MA.IN,300274
Montenegro,MNE,"Population, female",SP.POP.TOTL.FE.IN,316516
Morocco,MAR,"Population ages 80 and above, female",SP.POP.80UP.FE,239636
Morocco,MAR,"Population ages 80 and above, male",SP.POP.80UP.MA,152258
Morocco,MAR,"Population, total",SP.POP.TOTL,37840044
Morocco,MAR,"Population, male",SP.POP.TOTL.MA.IN,19037976
Morocco,MAR,"Population, female",SP.POP.TOTL.FE.IN,18802069
Mozambique,MOZ,"Population ages 80 and above, female",SP.POP.80UP.FE,51627
Mozambique,MOZ,"Population ages 80 and above, male",SP.POP.80UP.MA,31258
Mozambique,MOZ,"Population, total",SP.POP.TOTL,33897354
Mozambique,MOZ,"Population, male",SP.POP.TOTL.MA.IN,16634672
Mozambique,MOZ,"Population, female",SP.POP.TOTL.FE.IN,17262682
Myanmar,MMR,"Population ages 80 and above, female",SP.POP.80UP.FE,284364
Myanmar,MMR,"Population ages 80 and above, male",SP.POP.80UP.MA,159828
Myanmar,MMR,"Population, total",SP.POP.TOTL,54577997
Myanmar,MMR,"Population, male",SP.POP.TOTL.MA.IN,27152968
Myanmar,MMR,"Population, female",SP.POP.TOTL.FE.IN,27425029
Namibia,NAM,"Population ages 80 and above, female",SP.POP.80UP.FE,10679
Namibia,NAM,"Population ages 80 and above, male",SP.POP.80UP.MA,3961
Namibia,NAM,"Population, total",SP.POP.TOTL,2604172
Namibia,NAM,"Population, male",SP.POP.TOTL.MA.IN,1256253
Namibia,NAM,"Population, female",SP.POP.TOTL.FE.IN,1347919
Nauru,NRU,"Population ages 80 and above, female",SP.POP.80UP.FE,11
Nauru,NRU,"Population ages 80 and above, male",SP.POP.80UP.MA,6
Nauru,NRU,"Population, total",SP.POP.TOTL,12780
Nauru,NRU,"Population, male",SP.POP.TOTL.MA.IN,6487
Nauru,NRU,"Population, female",SP.POP.TOTL.FE.IN,6293
Nepal,NPL,"Population ages 80 and above, female",SP.POP.80UP.FE,144592
Nepal,NPL,"Population ages 80 and above, male",SP.POP.80UP.MA,102096
Nepal,NPL,"Population, total",SP.POP.TOTL,30896590
Nepal,NPL,"Population, male",SP.POP.TOTL.MA.IN,14812363
Nepal,NPL,"Population, female",SP.POP.TOTL.FE.IN,16084227
Netherlands,NLD,"Population ages 80 and above, female",SP.POP.80UP.FE,534405
Netherlands,NLD,"Population ages 80 and above, male",SP.POP.80UP.MA,364255
Netherlands,NLD,"Population, total",SP.POP.TOTL,17748150
Netherlands,NLD,"Population, male",SP.POP.TOTL.MA.IN,8824635
Netherlands,NLD,"Population, female",SP.POP.TOTL.FE.IN,8923515
New Caledonia,NCL,"Population ages 80 and above, female",SP.POP.80UP.FE,4329
New Caledonia,NCL,"Population ages 80 and above, male",SP.POP.80UP.MA,2806
New Caledonia,NCL,"Population, total",SP.POP.TOTL,271940
New Caledonia,NCL,"Population, male",SP.POP.TOTL.MA.IN,135175
New Caledonia,NCL,"Population, female",SP.POP.TOTL.FE.IN,136765
New Zealand,NZL,"Population ages 80 and above, female",SP.POP.80UP.FE,121524
New Zealand,NZL,"Population ages 80 and above, male",SP.POP.80UP.MA,90783
New Zealand,NZL,"Population, total",SP.POP.TOTL,5163908
New Zealand,NZL,"Population, male",SP.POP.TOTL.MA.IN,2560097
New Zealand,NZL,"Population, female",SP.POP.TOTL.FE.IN,2603811
Nicaragua,NIC,"Population ages 80 and above, female",SP.POP.80UP.FE,39101
Nicaragua,NIC,"Population ages 80 and above, male",SP.POP.80UP.MA,23940
Nicaragua,NIC,"Population, total",SP.POP.TOTL,7046310
Nicaragua,NIC,"Population, male",SP.POP.TOTL.MA.IN,3471990
Nicaragua,NIC,"Population, female",SP.POP.TOTL.FE.IN,3574321
Niger,NER,"Population ages 80 and above, female",SP.POP.80UP.FE,35373
Niger,NER,"Population ages 80 and above, male",SP.POP.80UP.MA,22456
Niger,NER,"Population, total",SP.POP.TOTL,27202843
Niger,NER,"Population, male",SP.POP.TOTL.MA.IN,13797289
Niger,NER,"Population, female",SP.POP.TOTL.FE.IN,13405554
Nigeria,NGA,"Population ages 80 and above, female",SP.POP.80UP.FE,390545
Nigeria,NGA,"Population ages 80 and above, male",SP.POP.80UP.MA,331465
Nigeria,NGA,"Population, total",SP.POP.TOTL,223804632
Nigeria,NGA,"Population, male",SP.POP.TOTL.MA.IN,113132890
Nigeria,NGA,"Population, female",SP.POP.TOTL.FE.IN,110671742
North America,NAC,"Population ages 80 and above, female",SP.POP.80UP.FE,9118924
North America,NAC,"Population ages 80 and above, male",SP.POP.80UP.MA,6301978
North America,NAC,"Population, total",SP.POP.TOTL,374265128
North America,NAC,"Population, male",SP.POP.TOTL.MA.IN,185337374
North America,NAC,"Population, female",SP.POP.TOTL.FE.IN,188927756
North Macedonia,MKD,"Population ages 80 and above, female",SP.POP.80UP.FE,31839
North Macedonia,MKD,"Population ages 80 and above, male",SP.POP.80UP.MA,17542
North Macedonia,MKD,"Population, total",SP.POP.TOTL,2051957
North Macedonia,MKD,"Population, male",SP.POP.TOTL.MA.IN,1022548
North Macedonia,MKD,"Population, female",SP.POP.TOTL.FE.IN,1029409
Northern Mariana Islands,MNP,"Population ages 80 and above, female",SP.POP.80UP.FE,243
Northern Mariana Islands,MNP,"Population ages 80 and above, male",SP.POP.80UP.MA,211
Northern Mariana Islands,MNP,"Population, total",SP.POP.TOTL,49796
Northern Mariana Islands,MNP,"Population, male",SP.POP.TOTL.MA.IN,26747
Northern Mariana Islands,MNP,"Population, female",SP.POP.TOTL.FE.IN,23049
Norway,NOR,"Population ages 80 and above, female",SP.POP.80UP.FE,150321
Norway,NOR,"Population ages 80 and above, male",SP.POP.80UP.MA,104188
Norway,NOR,"Population, total",SP.POP.TOTL,5496014
Norway,NOR,"Population, male",SP.POP.TOTL.MA.IN,2773868
Norway,NOR,"Population, female",SP.POP.TOTL.FE.IN,2722146
Not classified,INX,"Population ages 80 and above, female",SP.POP.80UP.FE,..
Not classified,INX,"Population ages 80 and above, male",SP.POP.80UP.MA,..
Not classified,INX,"Population, total",SP.POP.TOTL,..
Not classified,INX,"Population, male",SP.POP.TOTL.MA.IN,..
Not classified,INX,"Population, female",SP.POP.TOTL.FE.IN,..
OECD members,OED,"Population ages 80 and above, female",SP.POP.80UP.FE,42116754
OECD members,OED,"Population ages 80 and above, male",SP.POP.80UP.MA,26408014
OECD members,OED,"Population, total",SP.POP.TOTL,1378909124
OECD members,OED,"Population, male",SP.POP.TOTL.MA.IN,678874750
OECD members,OED,"Population, female",SP.POP.TOTL.FE.IN,700034372
Oman,OMN,"Population ages 80 and above, female",SP.POP.80UP.FE,10043
Oman,OMN,"Population ages 80 and above, male",SP.POP.80UP.MA,7102
Oman,OMN,"Population, total",SP.POP.TOTL,4644384
Oman,OMN,"Population, male",SP.POP.TOTL.MA.IN,2818990
Oman,OMN,"Population, female",SP.POP.TOTL.FE.IN,1825394
Other small states,OSS,"Population ages 80 and above, female",SP.POP.80UP.FE,235600
Other small states,OSS,"Population ages 80 and above, male",SP.POP.80UP.MA,131171
Other small states,OSS,"Population, total",SP.POP.TOTL,33595438
Other small states,OSS,"Population, male",SP.POP.TOTL.MA.IN,17591224
Other small states,OSS,"Population, female",SP.POP.TOTL.FE.IN,16004210
Pacific island small states,PSS,"Population ages 80 and above, female",SP.POP.80UP.FE,10363
Pacific island small states,PSS,"Population ages 80 and above, male",SP.POP.80UP.MA,6661
Pacific island small states,PSS,"Population, total",SP.POP.TOTL,2677728
Pacific island small states,PSS,"Population, male",SP.POP.TOTL.MA.IN,1350081
Pacific island small states,PSS,"Population, female",SP.POP.TOTL.FE.IN,1327648
Pakistan,PAK,"Population ages 80 and above, female",SP.POP.80UP.FE,729450
Pakistan,PAK,"Population ages 80 and above, male",SP.POP.80UP.MA,552885
Pakistan,PAK,"Population, total",SP.POP.TOTL,240485658
Pakistan,PAK,"Population, male",SP.POP.TOTL.MA.IN,121256617
Pakistan,PAK,"Population, female",SP.POP.TOTL.FE.IN,119229040
Palau,PLW,"Population ages 80 and above, female",SP.POP.80UP.FE,159
Palau,PLW,"Population ages 80 and above, male",SP.POP.80UP.MA,65
Palau,PLW,"Population, total",SP.POP.TOTL,18058
Palau,PLW,"Population, male",SP.POP.TOTL.MA.IN,9359
Palau,PLW,"Population, female",SP.POP.TOTL.FE.IN,8698
Panama,PAN,"Population ages 80 and above, female",SP.POP.80UP.FE,52615
Panama,PAN,"Population ages 80 and above, male",SP.POP.80UP.MA,36936
Panama,PAN,"Population, total",SP.POP.TOTL,4468087
Panama,PAN,"Population, male",SP.POP.TOTL.MA.IN,2233572
Panama,PAN,"Population, female",SP.POP.TOTL.FE.IN,2234515
Papua New Guinea,PNG,"Population ages 80 and above, female",SP.POP.80UP.FE,17902
Papua New Guinea,PNG,"Population ages 80 and above, male",SP.POP.80UP.MA,15777
Papua New Guinea,PNG,"Population, total",SP.POP.TOTL,10329931
Papua New Guinea,PNG,"Population, male",SP.POP.TOTL.MA.IN,5323347
Papua New Guinea,PNG,"Population, female",SP.POP.TOTL.FE.IN,5006583
Paraguay,PRY,"Population ages 80 and above, female",SP.POP.80UP.FE,46549
Paraguay,PRY,"Population ages 80 and above, male",SP.POP.80UP.MA,31911
Paraguay,PRY,"Population, total",SP.POP.TOTL,6861524
Paraguay,PRY,"Population, male",SP.POP.TOTL.MA.IN,3441402
Paraguay,PRY,"Population, female",SP.POP.TOTL.FE.IN,3420122
Peru,PER,"Population ages 80 and above, female",SP.POP.80UP.FE,322745
Peru,PER,"Population ages 80 and above, male",SP.POP.80UP.MA,241916
Peru,PER,"Population, total",SP.POP.TOTL,34352719
Peru,PER,"Population, male",SP.POP.TOTL.MA.IN,17005118
Peru,PER,"Population, female",SP.POP.TOTL.FE.IN,17347601
Philippines,PHL,"Population ages 80 and above, female",SP.POP.80UP.FE,518348
Philippines,PHL,"Population ages 80 and above, male",SP.POP.80UP.MA,291659
Philippines,PHL,"Population, total",SP.POP.TOTL,117337368
Philippines,PHL,"Population, male",SP.POP.TOTL.MA.IN,59593853
Philippines,PHL,"Population, female",SP.POP.TOTL.FE.IN,57743514
Poland,POL,"Population ages 80 and above, female",SP.POP.80UP.FE,984652
Poland,POL,"Population ages 80 and above, male",SP.POP.80UP.MA,446895
Poland,POL,"Population, total",SP.POP.TOTL,35885420
Poland,POL,"Population, male",SP.POP.TOTL.MA.IN,17388539
Poland,POL,"Population, female",SP.POP.TOTL.FE.IN,18496881
Portugal,PRT,"Population ages 80 and above, female",SP.POP.80UP.FE,451833
Portugal,PRT,"Population ages 80 and above, male",SP.POP.80UP.MA,255386
Portugal,PRT,"Population, total",SP.POP.TOTL,10382854
Portugal,PRT,"Population, male",SP.POP.TOTL.MA.IN,4900603
Portugal,PRT,"Population, female",SP.POP.TOTL.FE.IN,5482251
Post-demographic dividend,PST,"Population ages 80 and above, female",SP.POP.80UP.FE,40207278
Post-demographic dividend,PST,"Population ages 80 and above, male",SP.POP.80UP.MA,24856361
Post-demographic dividend,PST,"Population, total",SP.POP.TOTL,1116310119
Post-demographic dividend,PST,"Population, male",SP.POP.TOTL.MA.IN,547766228
Post-demographic dividend,PST,"Population, female",SP.POP.TOTL.FE.IN,568543888
Pre-demographic dividend,PRE,"Population ages 80 and above, female",SP.POP.80UP.FE,2113216
Pre-demographic dividend,PRE,"Population ages 80 and above, male",SP.POP.80UP.MA,1401817
Pre-demographic dividend,PRE,"Population, total",SP.POP.TOTL,1065710613
Pre-demographic dividend,PRE,"Population, male",SP.POP.TOTL.MA.IN,532288410
Pre-demographic dividend,PRE,"Population, female",SP.POP.TOTL.FE.IN,533422205
Puerto Rico,PRI,"Population ages 80 and above, female",SP.POP.80UP.FE,119978
Puerto Rico,PRI,"Population ages 80 and above, male",SP.POP.80UP.MA,78340
Puerto Rico,PRI,"Population, total",SP.POP.TOTL,3229412
Puerto Rico,PRI,"Population, male",SP.POP.TOTL.MA.IN,1521403
Puerto Rico,PRI,"Population, female",SP.POP.TOTL.FE.IN,1708008
Qatar,QAT,"Population ages 80 and above, female",SP.POP.80UP.FE,2150
Qatar,QAT,"Population ages 80 and above, male",SP.POP.80UP.MA,2252
Qatar,QAT,"Population, total",SP.POP.TOTL,2716391
Qatar,QAT,"Population, male",SP.POP.TOTL.MA.IN,1964435
Qatar,QAT,"Population, female",SP.POP.TOTL.FE.IN,751956
Romania,ROU,"Population ages 80 and above, female",SP.POP.80UP.FE,532092
Romania,ROU,"Population ages 80 and above, male",SP.POP.80UP.MA,258155
Romania,ROU,"Population, total",SP.POP.TOTL,18714814
Romania,ROU,"Population, male",SP.POP.TOTL.MA.IN,9057214
Romania,ROU,"Population, female",SP.POP.TOTL.FE.IN,9657600
Russian Federation,RUS,"Population ages 80 and above, female",SP.POP.80UP.FE,3811015
Russian Federation,RUS,"Population ages 80 and above, male",SP.POP.80UP.MA,1185032
Russian Federation,RUS,"Population, total",SP.POP.TOTL,143715712
Russian Federation,RUS,"Population, male",SP.POP.TOTL.MA.IN,66749216
Russian Federation,RUS,"Population, female",SP.POP.TOTL.FE.IN,76966496
Rwanda,RWA,"Population ages 80 and above, female",SP.POP.80UP.FE,39078
Rwanda,RWA,"Population ages 80 and above, male",SP.POP.80UP.MA,20409
Rwanda,RWA,"Population, total",SP.POP.TOTL,14094683
Rwanda,RWA,"Population, male",SP.POP.TOTL.MA.IN,6901261
Rwanda,RWA,"Population, female",SP.POP.TOTL.FE.IN,7193422
Samoa,WSM,"Population ages 80 and above, female",SP.POP.80UP.FE,1193
Samoa,WSM,"Population ages 80 and above, male",SP.POP.80UP.MA,653
Samoa,WSM,"Population, total",SP.POP.TOTL,225681
Samoa,WSM,"Population, male",SP.POP.TOTL.MA.IN,115059
Samoa,WSM,"Population, female",SP.POP.TOTL.FE.IN,110622
San Marino,SMR,"Population ages 80 and above, female",SP.POP.80UP.FE,1154
San Marino,SMR,"Population ages 80 and above, male",SP.POP.80UP.MA,790
San Marino,SMR,"Population, total",SP.POP.TOTL,33642
San Marino,SMR,"Population, male",SP.POP.TOTL.MA.IN,16381
San Marino,SMR,"Population, female",SP.POP.TOTL.FE.IN,17261
Sao Tome and Principe,STP,"Population ages 80 and above, female",SP.POP.80UP.FE,1069
Sao Tome and Principe,STP,"Population ages 80 and above, male",SP.POP.80UP.MA,586
Sao Tome and Principe,STP,"Population, total",SP.POP.TOTL,231856
Sao Tome and Principe,STP,"Population, male",SP.POP.TOTL.MA.IN,115601
Sao Tome and Principe,STP,"Population, female",SP.POP.TOTL.FE.IN,116254
Saudi Arabia,SAU,"Population ages 80 and above, female",SP.POP.80UP.FE,90419
Saudi Arabia,SAU,"Population ages 80 and above, male",SP.POP.80UP.MA,81827
Saudi Arabia,SAU,"Population, total",SP.POP.TOTL,36947025
Saudi Arabia,SAU,"Population, male",SP.POP.TOTL.MA.IN,21246137
Saudi Arabia,SAU,"Population, female",SP.POP.TOTL.FE.IN,15700888
Senegal,SEN,"Population ages 80 and above, female",SP.POP.80UP.FE,41338
Senegal,SEN,"Population ages 80 and above, male",SP.POP.80UP.MA,24555
Senegal,SEN,"Population, total",SP.POP.TOTL,17763163
Senegal,SEN,"Population, male",SP.POP.TOTL.MA.IN,8737489
Senegal,SEN,"Population, female",SP.POP.TOTL.FE.IN,9025674
Serbia,SRB,"Population ages 80 and above, female",SP.POP.80UP.FE,204236
Serbia,SRB,"Population ages 80 and above, male",SP.POP.80UP.MA,94654
Serbia,SRB,"Population, total",SP.POP.TOTL,6604989
Serbia,SRB,"Population, male",SP.POP.TOTL.MA.IN,3166740
Serbia,SRB,"Population, female",SP.POP.TOTL.FE.IN,3438249
Seychelles,SYC,"Population ages 80 and above, female",SP.POP.80UP.FE,1295
Seychelles,SYC,"Population ages 80 and above, male",SP.POP.80UP.MA,505
Seychelles,SYC,"Population, total",SP.POP.TOTL,120622
Seychelles,SYC,"Population, male",SP.POP.TOTL.MA.IN,63386
Seychelles,SYC,"Population, female",SP.POP.TOTL.FE.IN,57237
Sierra Leone,SLE,"Population ages 80 and above, female",SP.POP.80UP.FE,18148
Sierra Leone,SLE,"Population ages 80 and above, male",SP.POP.80UP.MA,11973
Sierra Leone,SLE,"Population, total",SP.POP.TOTL,8791092
Sierra Leone,SLE,"Population, male",SP.POP.TOTL.MA.IN,4405685
Sierra Leone,SLE,"Population, female",SP.POP.TOTL.FE.IN,4385407
Singapore,SGP,"Population ages 80 and above, female",SP.POP.80UP.FE,85693
Singapore,SGP,"Population ages 80 and above, male",SP.POP.80UP.MA,53560
Singapore,SGP,"Population, total",SP.POP.TOTL,5673743
Singapore,SGP,"Population, male",SP.POP.TOTL.MA.IN,2965042
Singapore,SGP,"Population, female",SP.POP.TOTL.FE.IN,2708701
Sint Maarten (Dutch part),SXM,"Population ages 80 and above, female",SP.POP.80UP.FE,..
Sint Maarten (Dutch part),SXM,"Population ages 80 and above, male",SP.POP.80UP.MA,..
Sint Maarten (Dutch part),SXM,"Population, total",SP.POP.TOTL,..
Sint Maarten (Dutch part),SXM,"Population, male",SP.POP.TOTL.MA.IN,..
Sint Maarten (Dutch part),SXM,"Population, female",SP.POP.TOTL.FE.IN,..
Slovak Republic,SVK,"Population ages 80 and above, female",SP.POP.80UP.FE,121827
Slovak Republic,SVK,"Population ages 80 and above, male",SP.POP.80UP.MA,55396
Slovak Republic,SVK,"Population, total",SP.POP.TOTL,5322188
Slovak Republic,SVK,"Population, male",SP.POP.TOTL.MA.IN,2602086
Slovak Republic,SVK,"Population, female",SP.POP.TOTL.FE.IN,2720102
Slovenia,SVN,"Population ages 80 and above, female",SP.POP.80UP.FE,77646
Slovenia,SVN,"Population ages 80 and above, male",SP.POP.80UP.MA,41547
Slovenia,SVN,"Population, total",SP.POP.TOTL,2111064
Slovenia,SVN,"Population, male",SP.POP.TOTL.MA.IN,1061646
Slovenia,SVN,"Population, female",SP.POP.TOTL.FE.IN,1049417
Small states,SST,"Population ages 80 and above, female",SP.POP.80UP.FE,313953
Small states,SST,"Population ages 80 and above, male",SP.POP.80UP.MA,179864
Small states,SST,"Population, total",SP.POP.TOTL,43801385
Small states,SST,"Population, male",SP.POP.TOTL.MA.IN,22655234
Small states,SST,"Population, female",SP.POP.TOTL.FE.IN,21146149
Solomon Islands,SLB,"Population ages 80 and above, female",SP.POP.80UP.FE,1836
Solomon Islands,SLB,"Population ages 80 and above, male",SP.POP.80UP.MA,1713
Solomon Islands,SLB,"Population, total",SP.POP.TOTL,740424
Solomon Islands,SLB,"Population, male",SP.POP.TOTL.MA.IN,377872
Solomon Islands,SLB,"Population, female",SP.POP.TOTL.FE.IN,362553
Somalia,SOM,"Population ages 80 and above, female",SP.POP.80UP.FE,28110
Somalia,SOM,"Population ages 80 and above, male",SP.POP.80UP.MA,18691
Somalia,SOM,"Population, total",SP.POP.TOTL,18143378
Somalia,SOM,"Population, male",SP.POP.TOTL.MA.IN,9096520
Somalia,SOM,"Population, female",SP.POP.TOTL.FE.IN,9046859
South Africa,ZAF,"Population ages 80 and above, female",SP.POP.80UP.FE,448020
South Africa,ZAF,"Population ages 80 and above, male",SP.POP.80UP.MA,172747
South Africa,ZAF,"Population, total",SP.POP.TOTL,60414495
South Africa,ZAF,"Population, male",SP.POP.TOTL.MA.IN,29451976
South Africa,ZAF,"Population, female",SP.POP.TOTL.FE.IN,30962518
South Asia,SAS,"Population ages 80 and above, female",SP.POP.80UP.FE,10788437
South Asia,SAS,"Population ages 80 and above, male",SP.POP.80UP.MA,7928826
South Asia,SAS,"Population, total",SP.POP.TOTL,1938753833
South Asia,SAS,"Population, male",SP.POP.TOTL.MA.IN,991334127
South Asia,SAS,"Population, female",SP.POP.TOTL.FE.IN,947419707
South Asia (IDA & IBRD),TSA,"Population ages 80 and above, female",SP.POP.80UP.FE,10788437
South Asia (IDA & IBRD),TSA,"Population ages 80 and above, male",SP.POP.80UP.MA,7928826
South Asia (IDA & IBRD),TSA,"Population, total",SP.POP.TOTL,1938753833
South Asia (IDA & IBRD),TSA,"Population, male",SP.POP.TOTL.MA.IN,991334127
South Asia (IDA & IBRD),TSA,"Population, female",SP.POP.TOTL.FE.IN,947419707
South Sudan,SSD,"Population ages 80 and above, female",SP.POP.80UP.FE,20588
South Sudan,SSD,"Population ages 80 and above, male",SP.POP.80UP.MA,11379
South Sudan,SSD,"Population, total",SP.POP.TOTL,11088796
South Sudan,SSD,"Population, male",SP.POP.TOTL.MA.IN,5493900
South Sudan,SSD,"Population, female",SP.POP.TOTL.FE.IN,5594895
Spain,ESP,"Population ages 80 and above, female",SP.POP.80UP.FE,1849653
Spain,ESP,"Population ages 80 and above, male",SP.POP.80UP.MA,1116431
Spain,ESP,"Population, total",SP.POP.TOTL,47732632
Spain,ESP,"Population, male",SP.POP.TOTL.MA.IN,23396811
Spain,ESP,"Population, female",SP.POP.TOTL.FE.IN,24335821
Sri Lanka,LKA,"Population ages 80 and above, female",SP.POP.80UP.FE,287743
Sri Lanka,LKA,"Population ages 80 and above, male",SP.POP.80UP.MA,130657
Sri Lanka,LKA,"Population, total",SP.POP.TOTL,22241304
Sri Lanka,LKA,"Population, male",SP.POP.TOTL.MA.IN,10706899
Sri Lanka,LKA,"Population, female",SP.POP.TOTL.FE.IN,11534405
St. Kitts and Nevis,KNA,"Population ages 80 and above, female",SP.POP.80UP.FE,517
St. Kitts and Nevis,KNA,"Population ages 80 and above, male",SP.POP.80UP.MA,300
St. Kitts and Nevis,KNA,"Population, total",SP.POP.TOTL,47755
St. Kitts and Nevis,KNA,"Population, male",SP.POP.TOTL.MA.IN,23034
St. Kitts and Nevis,KNA,"Population, female",SP.POP.TOTL.FE.IN,24721
St. Lucia,LCA,"Population ages 80 and above, female",SP.POP.80UP.FE,1822
St. Lucia,LCA,"Population ages 80 and above, male",SP.POP.80UP.MA,1025
St. Lucia,LCA,"Population, total",SP.POP.TOTL,180251
St. Lucia,LCA,"Population, male",SP.POP.TOTL.MA.IN,89058
St. Lucia,LCA,"Population, female",SP.POP.TOTL.FE.IN,91192
St. Martin (French part),MAF,"Population ages 80 and above, female",SP.POP.80UP.FE,..
St. Martin (French part),MAF,"Population ages 80 and above, male",SP.POP.80UP.MA,..
St. Martin (French part),MAF,"Population, total",SP.POP.TOTL,..
St. Martin (French part),MAF,"Population, male",SP.POP.TOTL.MA.IN,..
St. Martin (French part),MAF,"Population, female",SP.POP.TOTL.FE.IN,..
St. Vincent and the Grenadines,VCT,"Population ages 80 and above, female",SP.POP.80UP.FE,1264
St. Vincent and the Grenadines,VCT,"Population ages 80 and above, male",SP.POP.80UP.MA,1047
St. Vincent and the Grenadines,VCT,"Population, total",SP.POP.TOTL,103698
St. Vincent and the Grenadines,VCT,"Population, male",SP.POP.TOTL.MA.IN,52713
St. Vincent and the Grenadines,VCT,"Population, female",SP.POP.TOTL.FE.IN,50986
Sub-Saharan Africa,SSF,"Population ages 80 and above, female",SP.POP.80UP.FE,2903484
Sub-Saharan Africa,SSF,"Population ages 80 and above, male",SP.POP.80UP.MA,1807713
Sub-Saharan Africa,SSF,"Population, total",SP.POP.TOTL,1241901564
Sub-Saharan Africa,SSF,"Population, male",SP.POP.TOTL.MA.IN,618928298
Sub-Saharan Africa,SSF,"Population, female",SP.POP.TOTL.FE.IN,622973266
Sub-Saharan Africa (excluding high income),SSA,"Population ages 80 and above, female",SP.POP.80UP.FE,2902189
Sub-Saharan Africa (excluding high income),SSA,"Population ages 80 and above, male",SP.POP.80UP.MA,1807208
Sub-Saharan Africa (excluding high income),SSA,"Population, total",SP.POP.TOTL,1241780942
Sub-Saharan Africa (excluding high income),SSA,"Population, male",SP.POP.TOTL.MA.IN,618864912
Sub-Saharan Africa (excluding high income),SSA,"Population, female",SP.POP.TOTL.FE.IN,622916029
Sub-Saharan Africa (IDA & IBRD countries),TSS,"Population ages 80 and above, female",SP.POP.80UP.FE,2903484
Sub-Saharan Africa (IDA & IBRD countries),TSS,"Population ages 80 and above, male",SP.POP.80UP.MA,1807713
Sub-Saharan Africa (IDA & IBRD countries),TSS,"Population, total",SP.POP.TOTL,1241901564
Sub-Saharan Africa (IDA & IBRD countries),TSS,"Population, male",SP.POP.TOTL.MA.IN,618928298
Sub-Saharan Africa (IDA & IBRD countries),TSS,"Population, female",SP.POP.TOTL.FE.IN,622973266
Sudan,SDN,"Population ages 80 and above, female",SP.POP.80UP.FE,87509
Sudan,SDN,"Population ages 80 and above, male",SP.POP.80UP.MA,69117
Sudan,SDN,"Population, total",SP.POP.TOTL,48109006
Sudan,SDN,"Population, male",SP.POP.TOTL.MA.IN,24034469
Sudan,SDN,"Population, female",SP.POP.TOTL.FE.IN,24074537
Suriname,SUR,"Population ages 80 and above, female",SP.POP.80UP.FE,5773
Suriname,SUR,"Population ages 80 and above, male",SP.POP.80UP.MA,2963
Suriname,SUR,"Population, total",SP.POP.TOTL,623236
Suriname,SUR,"Population, male",SP.POP.TOTL.MA.IN,309907
Suriname,SUR,"Population, female",SP.POP.TOTL.FE.IN,313329
Sweden,SWE,"Population ages 80 and above, female",SP.POP.80UP.FE,346159
Sweden,SWE,"Population ages 80 and above, male",SP.POP.80UP.MA,249596
Sweden,SWE,"Population, total",SP.POP.TOTL,10544776
Sweden,SWE,"Population, male",SP.POP.TOTL.MA.IN,5315935
Sweden,SWE,"Population, female",SP.POP.TOTL.FE.IN,5228840
Switzerland,CHE,"Population ages 80 and above, female",SP.POP.80UP.FE,302199
Switzerland,CHE,"Population ages 80 and above, male",SP.POP.80UP.MA,198843
Switzerland,CHE,"Population, total",SP.POP.TOTL,8827979
Switzerland,CHE,"Population, male",SP.POP.TOTL.MA.IN,4386242
Switzerland,CHE,"Population, female",SP.POP.TOTL.FE.IN,4441737
Syrian Arab Republic,SYR,"Population ages 80 and above, female",SP.POP.80UP.FE,96728
Syrian Arab Republic,SYR,"Population ages 80 and above, male",SP.POP.80UP.MA,56099
Syrian Arab Republic,SYR,"Population, total",SP.POP.TOTL,23227014
Syrian Arab Republic,SYR,"Population, male",SP.POP.TOTL.MA.IN,11625364
Syrian Arab Republic,SYR,"Population, female",SP.POP.TOTL.FE.IN,11601649
Tajikistan,TJK,"Population ages 80 and above, female",SP.POP.80UP.FE,25184
Tajikistan,TJK,"Population ages 80 and above, male",SP.POP.80UP.MA,21072
Tajikistan,TJK,"Population, total",SP.POP.TOTL,10143543
Tajikistan,TJK,"Population, male",SP.POP.TOTL.MA.IN,5104843
Tajikistan,TJK,"Population, female",SP.POP.TOTL.FE.IN,5038700
Tanzania,TZA,"Population ages 80 and above, female",SP.POP.80UP.FE,170162
Tanzania,TZA,"Population ages 80 and above, male",SP.POP.80UP.MA,105706
Tanzania,TZA,"Population, total",SP.POP.TOTL,67438106
Tanzania,TZA,"Population, male",SP.POP.TOTL.MA.IN,33337209
Tanzania,TZA,"Population, female",SP.POP.TOTL.FE.IN,34100897
Thailand,THA,"Population ages 80 and above, female",SP.POP.80UP.FE,1595424
Thailand,THA,"Population ages 80 and above, male",SP.POP.80UP.MA,988687
Thailand,THA,"Population, total",SP.POP.TOTL,71801279
Thailand,THA,"Population, male",SP.POP.TOTL.MA.IN,34825715
Thailand,THA,"Population, female",SP.POP.TOTL.FE.IN,36975565
Timor-Leste,TLS,"Population ages 80 and above, female",SP.POP.80UP.FE,5513
Timor-Leste,TLS,"Population ages 80 and above, male",SP.POP.80UP.MA,4355
Timor-Leste,TLS,"Population, total",SP.POP.TOTL,1360596
Timor-Leste,TLS,"Population, male",SP.POP.TOTL.MA.IN,693822
Timor-Leste,TLS,"Population, female",SP.POP.TOTL.FE.IN,666774
Togo,TGO,"Population ages 80 and above, female",SP.POP.80UP.FE,13140
Togo,TGO,"Population ages 80 and above, male",SP.POP.80UP.MA,10790
Togo,TGO,"Population, total",SP.POP.TOTL,9053799
Togo,TGO,"Population, male",SP.POP.TOTL.MA.IN,4551892
Togo,TGO,"Population, female",SP.POP.TOTL.FE.IN,4501907
Tonga,TON,"Population ages 80 and above, female",SP.POP.80UP.FE,829
Tonga,TON,"Population ages 80 and above, male",SP.POP.80UP.MA,525
Tonga,TON,"Population, total",SP.POP.TOTL,107773
Tonga,TON,"Population, male",SP.POP.TOTL.MA.IN,53317
Tonga,TON,"Population, female",SP.POP.TOTL.FE.IN,54456
Trinidad and Tobago,TTO,"Population ages 80 and above, female",SP.POP.80UP.FE,19890
Trinidad and Tobago,TTO,"Population ages 80 and above, male",SP.POP.80UP.MA,10681
Trinidad and Tobago,TTO,"Population, total",SP.POP.TOTL,1534937
Trinidad and Tobago,TTO,"Population, male",SP.POP.TOTL.MA.IN,756408
Trinidad and Tobago,TTO,"Population, female",SP.POP.TOTL.FE.IN,778529
Tunisia,TUN,"Population ages 80 and above, female",SP.POP.80UP.FE,123551
Tunisia,TUN,"Population ages 80 and above, male",SP.POP.80UP.MA,76615
Tunisia,TUN,"Population, total",SP.POP.TOTL,12458223
Tunisia,TUN,"Population, male",SP.POP.TOTL.MA.IN,6145027
Tunisia,TUN,"Population, female",SP.POP.TOTL.FE.IN,6313196
Turkiye,TUR,"Population ages 80 and above, female",SP.POP.80UP.FE,882699
Turkiye,TUR,"Population ages 80 and above, male",SP.POP.80UP.MA,429494
Turkiye,TUR,"Population, total",SP.POP.TOTL,85424312
Turkiye,TUR,"Population, male",SP.POP.TOTL.MA.IN,42794990
Turkiye,TUR,"Population, female",SP.POP.TOTL.FE.IN,42629322
Turkmenistan,TKM,"Population ages 80 and above, female",SP.POP.80UP.FE,27670
Turkmenistan,TKM,"Population ages 80 and above, male",SP.POP.80UP.MA,13145
Turkmenistan,TKM,"Population, total",SP.POP.TOTL,6516100
Turkmenistan,TKM,"Population, male",SP.POP.TOTL.MA.IN,3228059
Turkmenistan,TKM,"Population, female",SP.POP.TOTL.FE.IN,3288041
Turks and Caicos Islands,TCA,"Population ages 80 and above, female",SP.POP.80UP.FE,584
Turks and Caicos Islands,TCA,"Population ages 80 and above, male",SP.POP.80UP.MA,392
Turks and Caicos Islands,TCA,"Population, total",SP.POP.TOTL,46062
Turks and Caicos Islands,TCA,"Population, male",SP.POP.TOTL.MA.IN,23169
Turks and Caicos Islands,TCA,"Population, female",SP.POP.TOTL.FE.IN,22892
Tuvalu,TUV,"Population ages 80 and above, female",SP.POP.80UP.FE,62
Tuvalu,TUV,"Population ages 80 and above, male",SP.POP.80UP.MA,30
Tuvalu,TUV,"Population, total",SP.POP.TOTL,11396
Tuvalu,TUV,"Population, male",SP.POP.TOTL.MA.IN,5835
Tuvalu,TUV,"Population, female",SP.POP.TOTL.FE.IN,5561
Uganda,UGA,"Population ages 80 and above, female",SP.POP.80UP.FE,38968
Uganda,UGA,"Population ages 80 and above, male",SP.POP.80UP.MA,21283
Uganda,UGA,"Population, total",SP.POP.TOTL,48582334
Uganda,UGA,"Population, male",SP.POP.TOTL.MA.IN,24070802
Uganda,UGA,"Population, female",SP.POP.TOTL.FE.IN,24511532
Ukraine,UKR,"Population ages 80 and above, female",SP.POP.80UP.FE,1442707
Ukraine,UKR,"Population ages 80 and above, male",SP.POP.80UP.MA,426008
Ukraine,UKR,"Population, total",SP.POP.TOTL,39414596
Ukraine,UKR,"Population, male",SP.POP.TOTL.MA.IN,17972639
Ukraine,UKR,"Population, female",SP.POP.TOTL.FE.IN,21441955
United Arab Emirates,ARE,"Population ages 80 and above, female",SP.POP.80UP.FE,20101
United Arab Emirates,ARE,"Population ages 80 and above, male",SP.POP.80UP.MA,14870
United Arab Emirates,ARE,"Population, total",SP.POP.TOTL,9516871
United Arab Emirates,ARE,"Population, male",SP.POP.TOTL.MA.IN,6583587
United Arab Emirates,ARE,"Population, female",SP.POP.TOTL.FE.IN,2933285
United Kingdom,GBR,"Population ages 80 and above, female",SP.POP.80UP.FE,2096989
United Kingdom,GBR,"Population ages 80 and above, male",SP.POP.80UP.MA,1484797
United Kingdom,GBR,"Population, total",SP.POP.TOTL,67184072
United Kingdom,GBR,"Population, male",SP.POP.TOTL.MA.IN,33212347
United Kingdom,GBR,"Population, female",SP.POP.TOTL.FE.IN,33971725
United States,USA,"Population ages 80 and above, female",SP.POP.80UP.FE,8025155
United States,USA,"Population ages 80 and above, male",SP.POP.80UP.MA,5532020
United States,USA,"Population, total",SP.POP.TOTL,335020960
United States,USA,"Population, male",SP.POP.TOTL.MA.IN,165832453
United States,USA,"Population, female",SP.POP.TOTL.FE.IN,169188508
Upper middle income,UMC,"Population ages 80 and above, female",SP.POP.80UP.FE,37913574
Upper middle income,UMC,"Population ages 80 and above, male",SP.POP.80UP.MA,22084925
Upper middle income,UMC,"Population, total",SP.POP.TOTL,2791929182
Upper middle income,UMC,"Population, male",SP.POP.TOTL.MA.IN,1398708482
Upper middle income,UMC,"Population, female",SP.POP.TOTL.FE.IN,1393220702
Uruguay,URY,"Population ages 80 and above, female",SP.POP.80UP.FE,112921
Uruguay,URY,"Population ages 80 and above, male",SP.POP.80UP.MA,47050
Uruguay,URY,"Population, total",SP.POP.TOTL,3423108
Uruguay,URY,"Population, male",SP.POP.TOTL.MA.IN,1659092
Uruguay,URY,"Population, female",SP.POP.TOTL.FE.IN,1764016
Uzbekistan,UZB,"Population ages 80 and above, female",SP.POP.80UP.FE,166738
Uzbekistan,UZB,"Population ages 80 and above, male",SP.POP.80UP.MA,78461
Uzbekistan,UZB,"Population, total",SP.POP.TOTL,36194172
Uzbekistan,UZB,"Population, male",SP.POP.TOTL.MA.IN,18114766
Uzbekistan,UZB,"Population, female",SP.POP.TOTL.FE.IN,18079405
Vanuatu,VUT,"Population ages 80 and above, female",SP.POP.80UP.FE,1077
Vanuatu,VUT,"Population ages 80 and above, male",SP.POP.80UP.MA,1030
Vanuatu,VUT,"Population, total",SP.POP.TOTL,334506
Vanuatu,VUT,"Population, male",SP.POP.TOTL.MA.IN,168202
Vanuatu,VUT,"Population, female",SP.POP.TOTL.FE.IN,166304
"Venezuela, RB",VEN,"Population ages 80 and above, female",SP.POP.80UP.FE,256871
"Venezuela, RB",VEN,"Population ages 80 and above, male",SP.POP.80UP.MA,140596
"Venezuela, RB",VEN,"Population, total",SP.POP.TOTL,28838499
"Venezuela, RB",VEN,"Population, male",SP.POP.TOTL.MA.IN,14254932
"Venezuela, RB",VEN,"Population, female",SP.POP.TOTL.FE.IN,14583567
Viet Nam,VNM,"Population ages 80 and above, female",SP.POP.80UP.FE,1158167
Viet Nam,VNM,"Population ages 80 and above, male",SP.POP.80UP.MA,454921
Viet Nam,VNM,"Population, total",SP.POP.TOTL,98858950
Viet Nam,VNM,"Population, male",SP.POP.TOTL.MA.IN,48850248
Viet Nam,VNM,"Population, female",SP.POP.TOTL.FE.IN,50008702
Virgin Islands (U.S.),VIR,"Population ages 80 and above, female",SP.POP.80UP.FE,2869
Virgin Islands (U.S.),VIR,"Population ages 80 and above, male",SP.POP.80UP.MA,1354
Virgin Islands (U.S.),VIR,"Population, total",SP.POP.TOTL,104711
Virgin Islands (U.S.),VIR,"Population, male",SP.POP.TOTL.MA.IN,48655
Virgin Islands (U.S.),VIR,"Population, female",SP.POP.TOTL.FE.IN,56056
West Bank and Gaza,PSE,"Population ages 80 and above, female",SP.POP.80UP.FE,16635
West Bank and Gaza,PSE,"Population ages 80 and above, male",SP.POP.80UP.MA,9601
West Bank and Gaza,PSE,"Population, total",SP.POP.TOTL,5159253
West Bank and Gaza,PSE,"Population, male",SP.POP.TOTL.MA.IN,2574974
West Bank and Gaza,PSE,"Population, female",SP.POP.TOTL.FE.IN,2584279
World,WLD,"Population ages 80 and above, female",SP.POP.80UP.FE,99151407
World,WLD,"Population ages 80 and above, male",SP.POP.80UP.MA,60737006
World,WLD,"Population, total",SP.POP.TOTL,8021179605
World,WLD,"Population, male",SP.POP.TOTL.MA.IN,4030823834
World,WLD,"Population, female",SP.POP.TOTL.FE.IN,3990355776
"Yemen, Rep.",YEM,"Population ages 80 and above, female",SP.POP.80UP.FE,75896
"Yemen, Rep.",YEM,"Population ages 80 and above, male",SP.POP.80UP.MA,44608
"Yemen, Rep.",YEM,"Population, total",SP.POP.TOTL,34449825
"Yemen, Rep.",YEM,"Population, male",SP.POP.TOTL.MA.IN,17396462
"Yemen, Rep.",YEM,"Population, female",SP.POP.TOTL.FE.IN,17053363
Zambia,ZMB,"Population ages 80 and above, female",SP.POP.80UP.FE,25559
Zambia,ZMB,"Population ages 80 and above, male",SP.POP.80UP.MA,12439
Zambia,ZMB,"Population, total",SP.POP.TOTL,20569737
Zambia,ZMB,"Population, male",SP.POP.TOTL.MA.IN,10148862
Zambia,ZMB,"Population, female",SP.POP.TOTL.FE.IN,10420876
Zimbabwe,ZWE,"Population ages 80 and above, female",SP.POP.80UP.FE,48248
Zimbabwe,ZWE,"Population ages 80 and above, male",SP.POP.80UP.MA,25440
Zimbabwe,ZWE,"Population, total",SP.POP.TOTL,16665409
Zimbabwe,ZWE,"Population, male",SP.POP.TOTL.MA.IN,7879254
Zimbabwe,ZWE,"Population, female",SP.POP.TOTL.FE.IN,8786155
,,,,
,,,,
,,,,
Data from database: Population estimates and projections,,,,
Last Updated: 12/20/2023,,,,
